"Bolivia"	"BOL"	"1"	"4"
"Canada"	"CAN"	"12"	"7"
"Spain"	"ESP"	"5"	"6"
"Europe"	"EUR"	"9"	"13"
"France"	"FRA"	"13"	"15"
"United Kingdom"	"GBR"	"24"	"18"
"Ghana"	"GHA"	"14"	"12"
"Israel"	"ISR"	"28"	"31"
"Italy"	"ITA"	"17"	"18"
"Libya"	"LBY"	"14"	"10"
"Poland"	"POL"	"42"	"40"
"Russia"	"RUS"	"19"	"26"
"Saudi Arabia"	"SAU"	"15"	"16"
"Syria"	"SYR"	"10"	"12"
"Turkey"	"TUR"	"2"	"0"
"United States"	"USA"	"38"	"45"
"Zimbabwe"	"ZWE"	"1"	"0"
"Sudan"	"SDN"	"4"	"7"
"Germany"	"DEU"	"6"	"8"
"Egypt"	"EGY"	"21"	"23"
"Honduras"	"HND"	"6"	"9"
"Hungary"	"HUN"	"3"	"2"
"Kuwait"	"KWT"	"4"	"2"
"Morocco"	"MAR"	"5"	"6"
"Mauritania"	"MRT"	"1"	"1"
"Nicaragua"	"NIC"	"6"	"4"
"Tunisia"	"TUN"	"1"	"0"
"Afghanistan"	"AFG"	"8"	"3"
"Albania"	"ALB"	"2"	"2"
"Japan"	"JPN"	"9"	"6"
"Lebanon"	"LBN"	"9"	"8"
"Mexico"	"MEX"	"5"	"3"
"Occupied Palestinian Territory"	"PSE"	"11"	"11"
"Pakistan"	"PAK"	"4"	"5"
"Iran"	"IRN"	"16"	"17"
"Uganda"	"UGA"	"4"	"2"
"China"	"CHN"	"12"	"12"
"Cuba"	"CUB"	"5"	"9"
"Ireland"	"IRL"	"6"	"6"
"Iraq"	"IRQ"	"13"	"10"
"Thailand"	"THA"	"3"	"5"
"Netherlands"	"NLD"	"3"	"1"
"Nigeria"	"NGA"	"2"	"2"
"Argentina"	"ARG"	"1"	"1"
"Austria"	"AUT"	"4"	"2"
"Bangladesh"	"BGD"	"2"	"1"
"Eritrea"	"ERI"	"2"	"1"
"Guinea"	"GIN"	"3"	"3"
"Vatican City"	"VAT"	"4"	"0"
"Australia"	"AUS"	"7"	"5"
"Bahrain"	"BHR"	"5"	"4"
"Taiwan"	"TWN"	"3"	"4"
"Ethiopia"	"ETH"	"3"	"1"
"Ukraine"	"UKR"	"2"	"1"
"Belgium"	"BEL"	"4"	"4"
"Jamaica"	"JAM"	"1"	"1"
"Seychelles"	"SYC"	"1"	"1"
"Persian Gulf"	"PGS"	"2"	"2"
"India"	"IND"	"4"	"2"
"Cambodia"	"KHM"	"3"	"1"
"Costa Rica"	"CRI"	"4"	"4"
"Denmark"	"DNK"	"2"	"2"
"El Salvador"	"SLV"	"9"	"9"
"Grenada"	"GRD"	"1"	"1"
"Jordan"	"JOR"	"4"	"8"
"Oman"	"OMN"	"4"	"3"
"Belarus"	"BLR"	"2"	"1"
"Laos"	"LAO"	"3"	"3"
"Finland"	"FIN"	"10"	"5"
"Haiti"	"HTI"	"1"	"2"
"Philippines"	"PHL"	"2"	"1"
"South Korea"	"KOR"	"2"	"3"
"Peru"	"PER"	"2"	"0"
"Democratic Republic of the Congo"	"COD"	"1"	"1"
"Guyana"	"GUY"	"1"	"1"
"Togo"	"TGO"	"1"	"1"
"Qatar"	"QAT"	"1"	"1"
"Sweden"	"SWE"	"1"	"2"
"Chad"	"TCD"	"1"	"1"
"Africa"	"AFR"	"5"	"2"
"Indonesia"	"IDN"	"2"	"0"
"Vietnam"	"VNM"	"4"	"5"
"Panama"	"PAN"	"1"	"1"
"Tanzania"	"TZA"	"1"	"0"
"Algeria"	"DZA"	"2"	"0"
"Switzerland"	"CHE"	"1"	"1"
"Ivory Coast"	"CIV"	"1"	"1"
"Czech Republic"	"CZE"	"1"	"1"
"Dominica"	"DMA"	"1"	"2"
"Angola"	"AGO"	"1"	"5"
"South Africa"	"ZAF"	"2"	"2"
"Guatemala"	"GTM"	"2"	"1"
"West Bank"	"WSB"	"0"	"0"
"Baghdad"	"BAG"	"0"	"0"
"Gaza Strip"	"GZS"	"0"	"0"
"Asia"	"ASA"	"0"	"0"
"Balkans"	"BLK"	"0"	"0"
"Caribbean"	"CRB"	"0"	"0"
"Caucasus"	"CAU"	"0"	"0"
"Central Africa"	"CFR"	"0"	"0"
"Central Asia"	"CAS"	"0"	"0"
"Central Europe"	"CEU"	"0"	"0"
"East Indies"	"EIN"	"0"	"0"
"Eastern Africa"	"EAF"	"0"	"0"
"Eastern Europe"	"EEU"	"0"	"0"
"Latin America"	"LAM"	"0"	"0"
"Middle East"	"MEA"	"0"	"0"
"Mediterranean"	"MDT"	"0"	"0"
"North Africa"	"NAF"	"0"	"0"
"North America"	"NMR"	"0"	"0"
"Scandinavia"	"SCN"	"0"	"0"
"South America"	"SAM"	"0"	"0"
"South Asia"	"SAS"	"0"	"0"
"Southeast Asia"	"SEA"	"0"	"0"
"Southern Africa"	"SAF"	"0"	"0"
"West Africa"	"WAF"	"0"	"0"
"The West"	"WST"	"0"	"0"
"Aland Islands"	"ALA"	"0"	"0"
"American Samoa"	"ASM"	"0"	"0"
"Andorra"	"AND"	"0"	"0"
"Anguilla"	"AIA"	"0"	"0"
"Antigua and Barbuda"	"ATG"	"0"	"0"
"Armenia"	"ARM"	"0"	"0"
"Aruba"	"ABW"	"0"	"0"
"Azerbaijan"	"AZE"	"0"	"1"
"Bahamas"	"BHS"	"0"	"0"
"Barbados"	"BRB"	"0"	"0"
"Belize"	"BLZ"	"0"	"0"
"Benin"	"BEN"	"0"	"0"
"Bermuda"	"BMU"	"0"	"0"
"Bhutan"	"BTN"	"0"	"0"
"Bosnia and Herzegovina"	"BIH"	"0"	"0"
"Botswana"	"BWA"	"0"	"0"
"Brazil"	"BRA"	"0"	"0"
"British Virgin Islands"	"VGB"	"0"	"0"
"Brunei Darussalam"	"BRN"	"0"	"0"
"Bulgaria"	"BGR"	"0"	"0"
"Burkina Faso"	"BFA"	"0"	"0"
"Burundi"	"BDI"	"0"	"0"
"Cameroon"	"CMR"	"0"	"0"
"Cape Verde"	"CPV"	"0"	"0"
"Cayman Islands"	"CYM"	"0"	"0"
"Central African Republic"	"CAF"	"0"	"0"
"Chile"	"CHL"	"0"	"0"
"Columbia"	"COL"	"0"	"0"
"Comoros"	"COM"	"0"	"0"
"People's Republic of the Congo"	"COG"	"0"	"0"
"Cook Islands"	"COK"	"0"	"0"
"Croatia"	"HRV"	"0"	"0"
"Cyprus"	"CYP"	"0"	"0"
"Djibouti"	"DJI"	"0"	"0"
"Dominican Republic"	"DOM"	"0"	"0"
"East Timor"	"TMP"	"0"	"0"
"Ecuador"	"ECU"	"0"	"0"
"Equatorial Guinea"	"GNQ"	"0"	"0"
"Estonia"	"EST"	"0"	"0"
"Faeroe Islands"	"FRO"	"0"	"0"
"Falkland Islands"	"FLK"	"0"	"0"
"Fiji"	"FJI"	"0"	"0"
"French Guiana"	"GUF"	"0"	"0"
"French Polynesia"	"PYF"	"0"	"0"
"Gabon"	"GAB"	"0"	"0"
"Gambia"	"GMB"	"0"	"0"
"Georgia"	"GEO"	"0"	"0"
"Gibraltar"	"GIB"	"0"	"0"
"Greece"	"GRC"	"0"	"0"
"Greenland"	"GRL"	"0"	"0"
"Guadeloupe"	"GLP"	"0"	"0"
"Guam"	"GUM"	"0"	"0"
"Guinea-Bissau"	"GNB"	"0"	"0"
"Hong Kong"	"HKG"	"0"	"0"
"Iceland"	"ISL"	"0"	"0"
"Isle of Man"	"IMY"	"0"	"0"
"Kazakhstan"	"KAZ"	"0"	"0"
"Kenya"	"KEN"	"0"	"0"
"Kiribati"	"KIR"	"0"	"0"
"North Korea"	"PRK"	"0"	"1"
"Kyrgyzstan"	"KGZ"	"0"	"0"
"Latvia"	"LVA"	"0"	"0"
"Lesotho"	"LSO"	"0"	"0"
"Liberia"	"LBR"	"0"	"0"
"Liechtenstein"	"LIE"	"0"	"0"
"Lithuania"	"LTU"	"0"	"0"
"Luxembourg"	"LUX"	"0"	"0"
"Macao"	"MAC"	"0"	"0"
"Macedonia"	"MKD"	"0"	"0"
"Madagascar"	"MDG"	"0"	"0"
"Malawi"	"MWI"	"0"	"0"
"Malaysia"	"MYS"	"0"	"0"
"Maldives"	"MDV"	"0"	"0"
"Mali"	"MLI"	"0"	"0"
"Malta"	"MLT"	"0"	"0"
"Marshall Islands"	"MHL"	"0"	"0"
"Martinique"	"MTQ"	"0"	"0"
"Mauritius"	"MUS"	"0"	"0"
"Mayotte"	"MYT"	"0"	"0"
"Micronesia"	"FSM"	"0"	"0"
"Moldova"	"MDA"	"0"	"0"
"Monaco"	"MCO"	"0"	"0"
"Mongolia"	"MNG"	"0"	"1"
"Montenegro"	"MTN"	"0"	"0"
"Montserrat"	"MSR"	"0"	"0"
"Mozambique"	"MOZ"	"0"	"0"
"Myanmar"	"MMR"	"0"	"1"
"Namibia"	"NAM"	"0"	"1"
"Nauru"	"NRU"	"0"	"0"
"Nepal"	"NPL"	"0"	"0"
"Netherlands Antilles"	"ANT"	"0"	"0"
"New Caledonia"	"NCL"	"0"	"0"
"New Zealand"	"NZL"	"0"	"0"
"Niger"	"NER"	"0"	"0"
"Niue"	"NIU"	"0"	"0"
"Norfolk Island"	"NFK"	"0"	"0"
"Northern Mariana Islands"	"MNP"	"0"	"0"
"Norway"	"NOR"	"0"	"0"
"Palau"	"PLW"	"0"	"0"
"Papua New Guinea"	"PNG"	"0"	"0"
"Paraguay"	"PRY"	"0"	"0"
"Pitcairn"	"PCN"	"0"	"0"
"Portugal"	"PRT"	"0"	"0"
"Puerto Rico"	"PRI"	"0"	"0"
"Runion"	"REU"	"0"	"0"
"Romania"	"ROM"	"0"	"0"
"Rwanda"	"RWA"	"0"	"0"
"Saint Helena"	"SHN"	"0"	"1"
"Saint Kitts-Nevis"	"KNA"	"0"	"0"
"Saint Lucia"	"LCA"	"0"	"0"
"Saint Pierre and Miquelon"	"SPM"	"0"	"0"
"Saint Vincent and the Grenadines"	"VCT"	"0"	"0"
"Samoa"	"WSM"	"0"	"0"
"San Marino"	"SMR"	"0"	"0"
"Sao Tome and Principe"	"STP"	"0"	"0"
"Senegal"	"SEN"	"0"	"0"
"Serbia"	"SRB"	"0"	"0"
"Sierra Leone"	"SLE"	"0"	"0"
"Singapore"	"SGP"	"0"	"0"
"Slovakia"	"SVK"	"0"	"0"
"Slovenia"	"SVN"	"0"	"0"
"Solomon Islands"	"SLB"	"0"	"0"
"Somalia"	"SOM"	"0"	"1"
"Sri Lanka"	"LKA"	"0"	"1"
"Suriname"	"SUR"	"0"	"0"
"Svalbard and Jan Mayen Islands"	"SJM"	"0"	"0"
"Swaziland"	"SWZ"	"0"	"0"
"Tajikistan"	"TJK"	"0"	"0"
"Tokelau"	"TKL"	"0"	"0"
"Tonga"	"TON"	"0"	"0"
"Trinidad and Tobago"	"TTO"	"0"	"0"
"Turkmenistan"	"TKM"	"0"	"0"
"Turks and Caicos Islands"	"TCA"	"0"	"0"
"Tuvalu"	"TUV"	"0"	"0"
"United Arab Emirates"	"ARE"	"0"	"0"
"United States Virgin Islands"	"VIR"	"0"	"0"
"Uruguay"	"URY"	"0"	"0"
"Uzbekistan"	"UZB"	"0"	"0"
"Vanuatu"	"VUT"	"0"	"0"
"Venezuela"	"VEN"	"0"	"0"
"Wallis and Futuna Islands"	"WLF"	"0"	"0"
"Western Sahara"	"ESH"	"0"	"0"
"Yemen"	"YEM"	"0"	"0"
"Zambia"	"ZMB"	"0"	"0"
