"1982"	""	"COP"	"010"	"010"	"01"	"0"	"1"
"1982"	""	"EDUOPP"	"010"	"010"	"01"	"0"	"3"
"1982"	""	"ISR"	"010"	"010"	"01"	"0"	"1"
"1982"	""	"REL"	"010"	"010"	"01"	"0"	"1"
"1982"	"AGR"	""	"010"	"010"	"01"	"0"	"1"
"1982"	"BOL"	""	"010"	"010"	"01"	"0"	"1"
"1982"	"CAN"	""	"010"	"010"	"01"	"0"	"1"
"1982"	"CHRCTH"	""	"010"	"010"	"01"	"0"	"3"
"1982"	"CHRCTH"	"POL"	"010"	"010"	"01"	"0"	"2"
"1982"	"COP"	""	"010"	"010"	"01"	"0"	"3"
"1982"	"COP"	"GOV"	"010"	"010"	"01"	"0"	"1"
"1982"	"COP"	"UGA"	"010"	"010"	"01"	"0"	"1"
"1982"	"CRMMED"	""	"010"	"010"	"01"	"0"	"2"
"1982"	"ESP"	"EUR"	"010"	"010"	"01"	"0"	"2"
"1982"	"EUR"	"USA"	"010"	"010"	"01"	"0"	"1"
"1982"	"FRA"	"SPY"	"010"	"010"	"01"	"0"	"1"
"1982"	"GBR"	"ESP"	"010"	"010"	"01"	"0"	"2"
"1982"	"GBR"	"GBRGOV"	"010"	"010"	"01"	"0"	"1"
"1982"	"GBR"	"GHA"	"010"	"010"	"01"	"0"	"1"
"1982"	"GBR"	"ITA"	"010"	"010"	"01"	"0"	"2"
"1982"	"GBRGOV"	""	"010"	"010"	"01"	"0"	"1"
"1982"	"GHA"	""	"010"	"010"	"01"	"0"	"4"
"1982"	"GHA"	"GBR"	"010"	"010"	"01"	"0"	"1"
"1982"	"GOV"	""	"010"	"010"	"01"	"0"	"21"
"1982"	"GOV"	"CVL"	"010"	"010"	"01"	"0"	"1"
"1982"	"GOV"	"ISR"	"010"	"010"	"01"	"0"	"1"
"1982"	"GOV"	"LEG"	"010"	"010"	"01"	"0"	"1"
"1982"	"GOV"	"SDN"	"010"	"010"	"01"	"0"	"1"
"1982"	"GOV"	"USA"	"010"	"010"	"01"	"0"	"5"
"1982"	"ISR"	""	"010"	"010"	"01"	"0"	"3"
"1982"	"ISR"	"GOV"	"010"	"010"	"01"	"0"	"2"
"1982"	"ISR"	"MED"	"010"	"010"	"01"	"0"	"2"
"1982"	"ISR"	"MIL"	"010"	"010"	"01"	"0"	"1"
"1982"	"ISR"	"NLD"	"010"	"010"	"01"	"0"	"1"
"1982"	"ISR"	"NLDBUS"	"010"	"010"	"01"	"0"	"1"
"1982"	"ISR"	"SYR"	"010"	"010"	"01"	"0"	"3"
"1982"	"ISRGOV"	"ISR"	"010"	"010"	"01"	"0"	"1"
"1982"	"ISRGOV"	"MED"	"010"	"010"	"01"	"0"	"1"
"1982"	"ISRLEG"	""	"010"	"010"	"01"	"0"	"1"
"1982"	"ISRMED"	"SYRMED"	"010"	"010"	"01"	"0"	"1"
"1982"	"ISRMIL"	"SYRMED"	"010"	"010"	"01"	"0"	"1"
"1982"	"ITA"	"EUR"	"010"	"010"	"01"	"0"	"2"
"1982"	"ITA"	"POL"	"010"	"010"	"01"	"0"	"5"
"1982"	"LAB"	""	"010"	"010"	"01"	"0"	"1"
"1982"	"LBY"	""	"010"	"010"	"01"	"0"	"3"
"1982"	"LBY"	"GOV"	"010"	"010"	"01"	"0"	"2"
"1982"	"LBY"	"SDN"	"010"	"010"	"01"	"0"	"1"
"1982"	"MED"	""	"010"	"010"	"01"	"0"	"7"
"1982"	"MED"	"GOV"	"010"	"010"	"01"	"0"	"2"
"1982"	"MED"	"POL"	"010"	"010"	"01"	"0"	"1"
"1982"	"MIL"	""	"010"	"010"	"01"	"0"	"4"
"1982"	"POL"	""	"010"	"010"	"01"	"0"	"7"
"1982"	"POL"	"FRA"	"010"	"010"	"01"	"0"	"2"
"1982"	"POL"	"GOV"	"010"	"010"	"01"	"0"	"5"
"1982"	"POL"	"MED"	"010"	"010"	"01"	"0"	"2"
"1982"	"POL"	"POLCOP"	"010"	"010"	"01"	"0"	"1"
"1982"	"POL"	"POLELI"	"010"	"010"	"01"	"0"	"1"
"1982"	"POL"	"PTY"	"010"	"010"	"01"	"0"	"1"
"1982"	"POL"	"REL"	"010"	"010"	"01"	"0"	"1"
"1982"	"POLGOV"	"USA"	"010"	"010"	"01"	"0"	"2"
"1982"	"POLMED"	""	"010"	"010"	"01"	"0"	"1"
"1982"	"POLMED"	"GOV"	"010"	"010"	"01"	"0"	"2"
"1982"	"POLMED"	"MED"	"010"	"010"	"01"	"0"	"1"
"1982"	"PRKGOV"	""	"010"	"010"	"01"	"0"	"2"
"1982"	"PTY"	"GOV"	"010"	"010"	"01"	"0"	"1"
"1982"	"RUS"	""	"010"	"010"	"01"	"0"	"1"
"1982"	"SAU"	""	"010"	"010"	"01"	"0"	"2"
"1982"	"SAU"	"SAUELIGOV"	"010"	"010"	"01"	"0"	"1"
"1982"	"SAUELIGOV"	"BUS"	"010"	"010"	"01"	"0"	"1"
"1982"	"SAUELIGOV"	"GOV"	"010"	"010"	"01"	"0"	"1"
"1982"	"SAUGOV"	""	"010"	"010"	"01"	"0"	"1"
"1982"	"SAUGOV"	"GOV"	"010"	"010"	"01"	"0"	"1"
"1982"	"SDNGOV"	""	"010"	"010"	"01"	"0"	"1"
"1982"	"SDNGOV"	"ISR"	"010"	"010"	"01"	"0"	"3"
"1982"	"SDNGOV"	"LEG"	"010"	"010"	"01"	"0"	"1"
"1982"	"SYR"	"SYRMED"	"010"	"010"	"01"	"0"	"2"
"1982"	"SYRMED"	""	"010"	"010"	"01"	"0"	"1"
"1982"	"TUR"	"IRN"	"010"	"010"	"01"	"0"	"1"
"1982"	"USA"	""	"010"	"010"	"01"	"0"	"5"
"1982"	"USA"	"GOV"	"010"	"010"	"01"	"0"	"2"
"1982"	"USA"	"TWN"	"010"	"010"	"01"	"0"	"1"
"1982"	"USAAGR"	""	"010"	"010"	"01"	"0"	"1"
"1982"	"USACOP"	"GOV"	"010"	"010"	"01"	"0"	"1"
"1982"	"ZWE"	"GOV"	"010"	"010"	"01"	"0"	"1"
"1982"	"POL"	"USA"	"010"	"010"	"01"	"0"	"1"
"1982"	"SDN"	"ISR"	"010"	"010"	"01"	"0"	"2"
"1982"	""	"GOV"	"010"	"010"	"01"	"0"	"1"
"1982"	"ALBGOV"	"CUB"	"010"	"010"	"01"	"0"	"1"
"1982"	"ALBGOV"	"CUBGOV"	"010"	"010"	"01"	"0"	"3"
"1982"	"BUS"	""	"010"	"010"	"01"	"0"	"2"
"1982"	"COPGOV"	"COP"	"010"	"010"	"01"	"0"	"1"
"1982"	"DEU"	"USA"	"010"	"010"	"01"	"0"	"1"
"1982"	"DEUGOV"	"DEU"	"010"	"010"	"01"	"0"	"1"
"1982"	"EGY"	"EGYGOV"	"010"	"010"	"01"	"0"	"2"
"1982"	"EGY"	"GOV"	"010"	"010"	"01"	"0"	"2"
"1982"	"GBR"	"GOV"	"010"	"010"	"01"	"0"	"1"
"1982"	"GBR"	"MILGOV"	"010"	"010"	"01"	"0"	"1"
"1982"	"GBRLEG"	"LEG"	"010"	"010"	"01"	"0"	"1"
"1982"	"GOV"	"POL"	"010"	"010"	"01"	"0"	"3"
"1982"	"GOVMIL"	"GOV"	"010"	"010"	"01"	"0"	"1"
"1982"	"HND"	"NIC"	"010"	"010"	"01"	"0"	"1"
"1982"	"HUN"	"DNK"	"010"	"010"	"01"	"0"	"1"
"1982"	"HUNMED"	"HUN"	"010"	"010"	"01"	"0"	"1"
"1982"	"IGOMEAARL"	"MARGOV"	"010"	"010"	"01"	"0"	"2"
"1982"	"ISRJEW"	"ISR"	"010"	"010"	"01"	"0"	"1"
"1982"	"ITA"	""	"010"	"010"	"01"	"0"	"3"
"1982"	"ITA"	"ITASPY"	"010"	"010"	"01"	"0"	"1"
"1982"	"ITASPY"	""	"010"	"010"	"01"	"0"	"1"
"1982"	"ITASPY"	"ITA"	"010"	"010"	"01"	"0"	"1"
"1982"	"JEW"	"ISR"	"010"	"010"	"01"	"0"	"2"
"1982"	"KWT"	"VNM"	"010"	"010"	"01"	"0"	"2"
"1982"	"LBY"	"CHR"	"010"	"010"	"01"	"0"	"1"
"1982"	"LBY"	"MOS"	"010"	"010"	"01"	"0"	"1"
"1982"	"LEG"	""	"010"	"010"	"01"	"0"	"3"
"1982"	"MAR"	"MRT"	"010"	"010"	"01"	"0"	"3"
"1982"	"MIL"	"REB"	"010"	"010"	"01"	"0"	"1"
"1982"	"MIL"	"SLV"	"010"	"010"	"01"	"0"	"2"
"1982"	"MOS"	""	"010"	"010"	"01"	"0"	"1"
"1982"	"MRT"	"MAR"	"010"	"010"	"01"	"0"	"3"
"1982"	"NIC"	""	"010"	"010"	"01"	"0"	"1"
"1982"	"NIC"	"MEDMIL"	"010"	"010"	"01"	"0"	"1"
"1982"	"NIC"	"NICMED"	"010"	"010"	"01"	"0"	"1"
"1982"	"OPP"	""	"010"	"010"	"01"	"0"	"1"
"1982"	"OPP"	"GOV"	"010"	"010"	"01"	"0"	"1"
"1982"	"OPP"	"REB"	"010"	"010"	"01"	"0"	"2"
"1982"	"POL"	"CAN"	"010"	"010"	"01"	"0"	"2"
"1982"	"POL"	"CHRCTH"	"010"	"010"	"01"	"0"	"1"
"1982"	"POL"	"POLGOV"	"010"	"010"	"01"	"0"	"1"
"1982"	"POLELIGOV"	""	"010"	"010"	"01"	"0"	"1"
"1982"	"POLELIGOV"	"POL"	"010"	"010"	"01"	"0"	"1"
"1982"	"REB"	"GOV"	"010"	"010"	"01"	"0"	"2"
"1982"	"RUS"	"LABLAB"	"010"	"010"	"01"	"0"	"1"
"1982"	"RUS"	"POL"	"010"	"010"	"01"	"0"	"1"
"1982"	"SAU"	"PAK"	"010"	"010"	"01"	"0"	"2"
"1982"	"SAU"	"SYR"	"010"	"010"	"01"	"0"	"2"
"1982"	"SAU"	"USA"	"010"	"010"	"01"	"0"	"1"
"1982"	"SAUELI"	"USA"	"010"	"010"	"01"	"0"	"1"
"1982"	"SYR"	"GOV"	"010"	"010"	"01"	"0"	"1"
"1982"	"SYR"	"IRN"	"010"	"010"	"01"	"0"	"3"
"1982"	"USA"	"GBR"	"010"	"010"	"01"	"0"	"2"
"1982"	"USA"	"GOVMIL"	"010"	"010"	"01"	"0"	"1"
"1982"	"USASPY"	"ISR"	"010"	"010"	"01"	"0"	"2"
"1982"	"IGOMEAARL"	"MAR"	"010"	"010"	"01"	"0"	"1"
"1982"	"TUN"	"LEG"	"010"	"010"	"01"	"0"	"1"
"1982"	"TUNGOV"	"LEG"	"010"	"010"	"01"	"0"	"1"
"1982"	""	"EUR"	"010"	"010"	"01"	"0"	"1"
"1982"	"AFG"	""	"010"	"010"	"01"	"0"	"1"
"1982"	"AFG"	"GOV"	"010"	"010"	"01"	"0"	"1"
"1982"	"ALB"	""	"010"	"010"	"01"	"0"	"2"
"1982"	"CHRCTH"	"ITA"	"010"	"010"	"01"	"0"	"2"
"1982"	"EDU"	""	"010"	"010"	"01"	"0"	"1"
"1982"	"EGY"	""	"010"	"010"	"01"	"0"	"1"
"1982"	"GBR"	""	"010"	"010"	"01"	"0"	"3"
"1982"	"GBR"	"USA"	"010"	"010"	"01"	"0"	"2"
"1982"	"GHA"	"GOV"	"010"	"010"	"01"	"0"	"1"
"1982"	"GOV"	"COP"	"010"	"010"	"01"	"0"	"1"
"1982"	"GOV"	"IRQ"	"010"	"010"	"01"	"0"	"1"
"1982"	"GOV"	"RUS"	"010"	"010"	"01"	"0"	"1"
"1982"	"GOV"	"SAUELI"	"010"	"010"	"01"	"0"	"1"
"1982"	"HLH"	""	"010"	"010"	"01"	"0"	"1"
"1982"	"HLH"	"USA"	"010"	"010"	"01"	"0"	"1"
"1982"	"IGOWSTNAT"	"DEUGOV"	"010"	"010"	"01"	"0"	"1"
"1982"	"ISRGOV"	"GOV"	"010"	"010"	"01"	"0"	"1"
"1982"	"JPN"	"JPNGOV"	"010"	"010"	"01"	"0"	"2"
"1982"	"JPN"	"POL"	"010"	"010"	"01"	"0"	"2"
"1982"	"JPN"	"POLGOV"	"010"	"010"	"01"	"0"	"1"
"1982"	"LBN"	""	"010"	"010"	"01"	"0"	"1"
"1982"	"LEG"	"ALB"	"010"	"010"	"01"	"0"	"1"
"1982"	"LEG"	"GOV"	"010"	"010"	"01"	"0"	"1"
"1982"	"MED"	"FRA"	"010"	"010"	"01"	"0"	"2"
"1982"	"MED"	"POLGOV"	"010"	"010"	"01"	"0"	"1"
"1982"	"MEX"	"MEXMED"	"010"	"010"	"01"	"0"	"1"
"1982"	"MIL"	"POL"	"010"	"010"	"01"	"0"	"1"
"1982"	"MILSPY"	"THA"	"010"	"010"	"01"	"0"	"1"
"1982"	"POLGOV"	"DEU"	"010"	"010"	"01"	"0"	"1"
"1982"	"POLMIL"	"POL"	"010"	"010"	"01"	"0"	"1"
"1982"	"PSE"	""	"010"	"010"	"01"	"0"	"2"
"1982"	"GOV"	""	"011"	"011"	"01"	"-0.1"	"1"
"1982"	"IGOWSTNAT"	""	"011"	"011"	"01"	"-0.1"	"3"
"1982"	"POL"	""	"011"	"011"	"01"	"-0.1"	"1"
"1982"	"EDU"	""	"011"	"011"	"01"	"-0.1"	"1"
"1982"	"GOVMIL"	""	"011"	"011"	"01"	"-0.1"	"1"
"1982"	"IGOWSTNATMED"	""	"011"	"011"	"01"	"-0.1"	"1"
"1982"	"IGOWSTNATMED"	"ITA"	"011"	"011"	"01"	"-0.1"	"1"
"1982"	"NIC"	""	"011"	"011"	"01"	"-0.1"	"1"
"1982"	"ISR"	""	"011"	"011"	"01"	"-0.1"	"1"
"1982"	"ISR"	"ISRMIL"	"011"	"011"	"01"	"-0.1"	"1"
"1982"	"ISRMIL"	"ISR"	"011"	"011"	"01"	"-0.1"	"1"
"1982"	""	"SYR"	"012"	"012"	"01"	"-0.4"	"1"
"1982"	"AFRMED"	"GHA"	"012"	"012"	"01"	"-0.4"	"1"
"1982"	"BUS"	"LEG"	"012"	"012"	"01"	"-0.4"	"1"
"1982"	"EDU"	"GOV"	"012"	"012"	"01"	"-0.4"	"2"
"1982"	"EUR"	"USA"	"012"	"012"	"01"	"-0.4"	"2"
"1982"	"GOV"	""	"012"	"012"	"01"	"-0.4"	"7"
"1982"	"GOV"	"SYR"	"012"	"012"	"01"	"-0.4"	"1"
"1982"	"GOV"	"USAGOV"	"012"	"012"	"01"	"-0.4"	"1"
"1982"	"GOVMIL"	""	"012"	"012"	"01"	"-0.4"	"1"
"1982"	"MED"	"RUS"	"012"	"012"	"01"	"-0.4"	"2"
"1982"	"MIL"	""	"012"	"012"	"01"	"-0.4"	"3"
"1982"	"MIL"	"GOVMIL"	"012"	"012"	"01"	"-0.4"	"2"
"1982"	"POL"	""	"012"	"012"	"01"	"-0.4"	"2"
"1982"	"POL"	"GOV"	"012"	"012"	"01"	"-0.4"	"1"
"1982"	"POLGOV"	"MIL"	"012"	"012"	"01"	"-0.4"	"1"
"1982"	"SLVGOV"	""	"012"	"012"	"01"	"-0.4"	"1"
"1982"	"SLVGOV"	"GOV"	"012"	"012"	"01"	"-0.4"	"1"
"1982"	"USA"	""	"012"	"012"	"01"	"-0.4"	"2"
"1982"	"USA"	"RUS"	"012"	"012"	"01"	"-0.4"	"1"
"1982"	""	"JEWOPP"	"012"	"012"	"01"	"-0.4"	"1"
"1982"	"CAN"	"EUR"	"012"	"012"	"01"	"-0.4"	"2"
"1982"	"CAN"	"JPN"	"012"	"012"	"01"	"-0.4"	"1"
"1982"	"CAN"	"USA"	"012"	"012"	"01"	"-0.4"	"1"
"1982"	"CVL"	"POLGOV"	"012"	"012"	"01"	"-0.4"	"1"
"1982"	"GOV"	"GBR"	"012"	"012"	"01"	"-0.4"	"1"
"1982"	"GOV"	"IRN"	"012"	"012"	"01"	"-0.4"	"1"
"1982"	"GOV"	"MIL"	"012"	"012"	"01"	"-0.4"	"1"
"1982"	"GOV"	"RUS"	"012"	"012"	"01"	"-0.4"	"1"
"1982"	"GOV"	"USA"	"012"	"012"	"01"	"-0.4"	"1"
"1982"	"JEWOPP"	"JEW"	"012"	"012"	"01"	"-0.4"	"1"
"1982"	"JUD"	""	"012"	"012"	"01"	"-0.4"	"1"
"1982"	"JUD"	"BUS"	"012"	"012"	"01"	"-0.4"	"1"
"1982"	"LEG"	""	"012"	"012"	"01"	"-0.4"	"1"
"1982"	"LEG"	"USA"	"012"	"012"	"01"	"-0.4"	"1"
"1982"	"PAK"	""	"012"	"012"	"01"	"-0.4"	"1"
"1982"	"POL"	"POLGOV"	"012"	"012"	"01"	"-0.4"	"1"
"1982"	"POL"	"USA"	"012"	"012"	"01"	"-0.4"	"1"
"1982"	"POLGOV"	""	"012"	"012"	"01"	"-0.4"	"1"
"1982"	"RUS"	"POL"	"012"	"012"	"01"	"-0.4"	"2"
"1982"	"RUSCVL"	"POLGOV"	"012"	"012"	"01"	"-0.4"	"2"
"1982"	"USA"	"GOV"	"012"	"012"	"01"	"-0.4"	"1"
"1982"	"USA"	"IRNGOV"	"012"	"012"	"01"	"-0.4"	"1"
"1982"	"USAGOV"	""	"012"	"012"	"01"	"-0.4"	"1"
"1982"	"FRA"	"DEU"	"012"	"012"	"01"	"-0.4"	"2"
"1982"	"MIL"	"SLV"	"012"	"012"	"01"	"-0.4"	"1"
"1982"	""	"POL"	"013"	"013"	"01"	"0.4"	"1"
"1982"	"CAN"	"MIL"	"013"	"013"	"01"	"0.4"	"2"
"1982"	"CHRCTHREL"	"USAMED"	"013"	"013"	"01"	"0.4"	"1"
"1982"	"COP"	""	"013"	"013"	"01"	"0.4"	"1"
"1982"	"GOV"	""	"013"	"013"	"01"	"0.4"	"8"
"1982"	"GOV"	"ITA"	"013"	"013"	"01"	"0.4"	"3"
"1982"	"IRNGOV"	"SYRMED"	"013"	"013"	"01"	"0.4"	"2"
"1982"	"ITACOP"	"CRM"	"013"	"013"	"01"	"0.4"	"1"
"1982"	"LAB"	"REL"	"013"	"013"	"01"	"0.4"	"1"
"1982"	"SDN"	"LEG"	"013"	"013"	"01"	"0.4"	"1"
"1982"	"USA"	"ITA"	"013"	"013"	"01"	"0.4"	"1"
"1982"	"USA"	"USAMED"	"013"	"013"	"01"	"0.4"	"1"
"1982"	"USAREL"	"USAMED"	"013"	"013"	"01"	"0.4"	"1"
"1982"	""	"GIN"	"013"	"013"	"01"	"0.4"	"1"
"1982"	"AFG"	""	"013"	"013"	"01"	"0.4"	"2"
"1982"	"GBR"	"MILGOV"	"013"	"013"	"01"	"0.4"	"2"
"1982"	"GOV"	"ITACOP"	"013"	"013"	"01"	"0.4"	"1"
"1982"	"GOV"	"USA"	"013"	"013"	"01"	"0.4"	"2"
"1982"	"IRN"	"AZE"	"013"	"013"	"01"	"0.4"	"1"
"1982"	"ITA"	"USA"	"013"	"013"	"01"	"0.4"	"2"
"1982"	"ITAMED"	"ITA"	"013"	"013"	"01"	"0.4"	"1"
"1982"	"JUD"	"BUS"	"013"	"013"	"01"	"0.4"	"1"
"1982"	"POL"	"DEU"	"013"	"013"	"01"	"0.4"	"1"
"1982"	"POL"	"DEUMED"	"013"	"013"	"01"	"0.4"	"1"
"1982"	"UGA"	""	"013"	"013"	"01"	"0.4"	"1"
"1982"	"FRA"	"JUD"	"013"	"013"	"01"	"0.4"	"1"
"1982"	"ITA"	""	"013"	"013"	"01"	"0.4"	"1"
"1982"	"ITAJUD"	"ITA"	"013"	"013"	"01"	"0.4"	"1"
"1982"	"JUD"	""	"013"	"013"	"01"	"0.4"	"1"
"1982"	"MED"	"DEU"	"013"	"013"	"01"	"0.4"	"2"
"1982"	"POL"	"POLELI"	"013"	"013"	"01"	"0.4"	"1"
"1982"	""	"COP"	"014"	"014"	"01"	"0"	"1"
"1982"	""	"EDUOPP"	"014"	"014"	"01"	"0"	"2"
"1982"	""	"USA"	"014"	"014"	"01"	"0"	"3"
"1982"	"IGOWSTNAT"	"MED"	"014"	"014"	"01"	"0"	"3"
"1982"	"JUD"	""	"014"	"014"	"01"	"0"	"1"
"1982"	"OPP"	"COP"	"014"	"014"	"01"	"0"	"1"
"1982"	"PAK"	"SAU"	"014"	"014"	"01"	"0"	"3"
"1982"	"POL"	""	"014"	"014"	"01"	"0"	"1"
"1982"	"USA"	"LEG"	"014"	"014"	"01"	"0"	"2"
"1982"	"CHN"	"CVL"	"014"	"014"	"01"	"0"	"1"
"1982"	"CUB"	"RUS"	"014"	"014"	"01"	"0"	"1"
"1982"	"ITA"	""	"014"	"014"	"01"	"0"	"1"
"1982"	"ITA"	"RUS"	"014"	"014"	"01"	"0"	"2"
"1982"	"MIL"	"USA"	"014"	"014"	"01"	"0"	"1"
"1982"	"GOV"	""	"015"	"015"	"01"	"0"	"1"
"1982"	"GBRRAD"	""	"015"	"015"	"01"	"0"	"1"
"1982"	"MED"	"GBRMIL"	"015"	"015"	"01"	"0"	"1"
"1982"	"SDN"	""	"015"	"015"	"01"	"0"	"1"
"1982"	"IRL"	"MIL"	"015"	"015"	"01"	"0"	"1"
"1982"	"IRLREB"	""	"015"	"015"	"01"	"0"	"1"
"1982"	"IRQ"	""	"015"	"015"	"01"	"0"	"1"
"1982"	"LBN"	"IRN"	"015"	"015"	"01"	"0"	"2"
"1982"	"ITA"	"MED"	"016"	"016"	"01"	"-2"	"7"
"1982"	"USA"	"MED"	"016"	"016"	"01"	"-2"	"5"
"1982"	""	"USA"	"016"	"016"	"01"	"-2"	"1"
"1982"	"ISR"	"RUS"	"017"	"017"	"01"	"0"	"1"
"1982"	"PSE"	"REB"	"017"	"017"	"01"	"0"	"1"
"1982"	"PSE"	"RUS"	"017"	"017"	"01"	"0"	"1"
"1982"	"GBR"	""	"017"	"017"	"01"	"0"	"1"
"1982"	"THA"	""	"017"	"017"	"01"	"0"	"1"
"1982"	"BUS"	"USA"	"017"	"017"	"01"	"0"	"2"
"1982"	"CHRCTH"	"ARG"	"017"	"017"	"01"	"0"	"1"
"1982"	"DEU"	"GOV"	"017"	"017"	"01"	"0"	"1"
"1982"	"ITA"	"BUS"	"017"	"017"	"01"	"0"	"1"
"1982"	"COP"	""	"018"	"018"	"01"	"3.4"	"1"
"1982"	"GOV"	"SDN"	"019"	"019"	"01"	"3.4"	"3"
"1982"	"SDNGOV"	"SDN"	"019"	"019"	"01"	"3.4"	"1"
"1982"	"MOS"	""	"019"	"019"	"01"	"3.4"	"1"
"1982"	""	"CVL"	"020"	"020"	"02"	"3"	"1"
"1982"	""	"JUD"	"020"	"020"	"02"	"3"	"1"
"1982"	"CHRCTH"	""	"020"	"020"	"02"	"3"	"1"
"1982"	"CVL"	"CAN"	"020"	"020"	"02"	"3"	"1"
"1982"	"CVL"	"COP"	"020"	"020"	"02"	"3"	"1"
"1982"	"EGY"	"GOV"	"020"	"020"	"02"	"3"	"1"
"1982"	"EUR"	"MIL"	"020"	"020"	"02"	"3"	"1"
"1982"	"GHA"	""	"020"	"020"	"02"	"3"	"1"
"1982"	"GHA"	"GOV"	"020"	"020"	"02"	"3"	"1"
"1982"	"GHA"	"HLH"	"020"	"020"	"02"	"3"	"1"
"1982"	"GOV"	""	"020"	"020"	"02"	"3"	"8"
"1982"	"GOV"	"BGD"	"020"	"020"	"02"	"3"	"1"
"1982"	"GOV"	"EGY"	"020"	"020"	"02"	"3"	"1"
"1982"	"GOV"	"RUS"	"020"	"020"	"02"	"3"	"2"
"1982"	"GOV"	"SYR"	"020"	"020"	"02"	"3"	"1"
"1982"	"GOV"	"USA"	"020"	"020"	"02"	"3"	"2"
"1982"	"ISRGOVBUS"	"JOR"	"020"	"020"	"02"	"3"	"1"
"1982"	"ITA"	""	"020"	"020"	"02"	"3"	"1"
"1982"	"JPN"	"BUS"	"020"	"020"	"02"	"3"	"1"
"1982"	"MIL"	""	"020"	"020"	"02"	"3"	"2"
"1982"	"MIL"	"COP"	"020"	"020"	"02"	"3"	"1"
"1982"	"MIL"	"EUR"	"020"	"020"	"02"	"3"	"1"
"1982"	"MOSJUD"	"EGYGOV"	"020"	"020"	"02"	"3"	"1"
"1982"	"NGAGOV"	"NGA"	"020"	"020"	"02"	"3"	"2"
"1982"	"NLD"	""	"020"	"020"	"02"	"3"	"1"
"1982"	"NLD"	"USA"	"020"	"020"	"02"	"3"	"1"
"1982"	"POL"	""	"020"	"020"	"02"	"3"	"8"
"1982"	"POL"	"CHRCTH"	"020"	"020"	"02"	"3"	"2"
"1982"	"POL"	"FRA"	"020"	"020"	"02"	"3"	"2"
"1982"	"POL"	"POLOPP"	"020"	"020"	"02"	"3"	"1"
"1982"	"POLELI"	""	"020"	"020"	"02"	"3"	"1"
"1982"	"POLGOV"	"POL"	"020"	"020"	"02"	"3"	"1"
"1982"	"POLOPP"	""	"020"	"020"	"02"	"3"	"1"
"1982"	"SAU"	"IRN"	"020"	"020"	"02"	"3"	"1"
"1982"	"SDNGOV"	""	"020"	"020"	"02"	"3"	"2"
"1982"	"USA"	""	"020"	"020"	"02"	"3"	"3"
"1982"	"USA"	"MIL"	"020"	"020"	"02"	"3"	"1"
"1982"	"USAJUD"	"EDU"	"020"	"020"	"02"	"3"	"1"
"1982"	"NGA"	"NGAGOV"	"020"	"020"	"02"	"3"	"2"
"1982"	"SDN"	""	"020"	"020"	"02"	"3"	"1"
"1982"	""	"GOV"	"020"	"020"	"02"	"3"	"1"
"1982"	"ARG"	""	"020"	"020"	"02"	"3"	"1"
"1982"	"AUT"	"POL"	"020"	"020"	"02"	"3"	"2"
"1982"	"BGD"	"BGDGOV"	"020"	"020"	"02"	"3"	"2"
"1982"	"CHRCTH"	"POL"	"020"	"020"	"02"	"3"	"1"
"1982"	"CRM"	""	"020"	"020"	"02"	"3"	"1"
"1982"	"CRM"	"GOV"	"020"	"020"	"02"	"3"	"1"
"1982"	"EGY"	""	"020"	"020"	"02"	"3"	"1"
"1982"	"EGY"	"PSE"	"020"	"020"	"02"	"3"	"2"
"1982"	"EGYGOV"	"EGYGOV"	"020"	"020"	"02"	"3"	"1"
"1982"	"EGYGOV"	"GOV"	"020"	"020"	"02"	"3"	"1"
"1982"	"ERI"	"amh"	"020"	"020"	"02"	"3"	"1"
"1982"	"EUR"	"GBR"	"020"	"020"	"02"	"3"	"1"
"1982"	"FRA"	""	"020"	"020"	"02"	"3"	"1"
"1982"	"FRA"	"FRAOPP"	"020"	"020"	"02"	"3"	"1"
"1982"	"FRAOPP"	""	"020"	"020"	"02"	"3"	"2"
"1982"	"GBR"	"USA"	"020"	"020"	"02"	"3"	"1"
"1982"	"GIN"	"EUR"	"020"	"020"	"02"	"3"	"1"
"1982"	"GOV"	"PAK"	"020"	"020"	"02"	"3"	"2"
"1982"	"GOV"	"amh"	"020"	"020"	"02"	"3"	"1"
"1982"	"IRN"	"GOVMIL"	"020"	"020"	"02"	"3"	"2"
"1982"	"IRNLEG"	"GOVMIL"	"020"	"020"	"02"	"3"	"1"
"1982"	"JUD"	""	"020"	"020"	"02"	"3"	"2"
"1982"	"KWT"	"SAU"	"020"	"020"	"02"	"3"	"2"
"1982"	"LBY"	"MOS"	"020"	"020"	"02"	"3"	"1"
"1982"	"MAR"	"ISR"	"020"	"020"	"02"	"3"	"2"
"1982"	"PAK"	"GOV"	"020"	"020"	"02"	"3"	"2"
"1982"	"POLLAB"	""	"020"	"020"	"02"	"3"	"1"
"1982"	"PSE"	"ISR"	"020"	"020"	"02"	"3"	"2"
"1982"	"SDN"	"amh"	"020"	"020"	"02"	"3"	"1"
"1982"	"SPY"	""	"020"	"020"	"02"	"3"	"1"
"1982"	"USA"	"GOV"	"020"	"020"	"02"	"3"	"1"
"1982"	"USA"	"LEG"	"020"	"020"	"02"	"3"	"1"
"1982"	"VAT"	""	"020"	"020"	"02"	"3"	"1"
"1982"	""	"FRA"	"020"	"020"	"02"	"3"	"2"
"1982"	""	"USA"	"020"	"020"	"02"	"3"	"1"
"1982"	"AUS"	"MIL"	"020"	"020"	"02"	"3"	"1"
"1982"	"CAN"	"FRA"	"020"	"020"	"02"	"3"	"2"
"1982"	"CHN"	""	"020"	"020"	"02"	"3"	"1"
"1982"	"CHN"	"USA"	"020"	"020"	"02"	"3"	"3"
"1982"	"CVL"	""	"020"	"020"	"02"	"3"	"2"
"1982"	"EGY"	"EGYGOV"	"020"	"020"	"02"	"3"	"1"
"1982"	"EUR"	""	"020"	"020"	"02"	"3"	"1"
"1982"	"FRA"	"EGY"	"020"	"020"	"02"	"3"	"3"
"1982"	"FRAGOV"	"EGY"	"020"	"020"	"02"	"3"	"2"
"1982"	"GOV"	"EGYGOV"	"020"	"020"	"02"	"3"	"1"
"1982"	"GOV"	"GOVMIL"	"020"	"020"	"02"	"3"	"1"
"1982"	"GOV"	"ISR"	"020"	"020"	"02"	"3"	"1"
"1982"	"GOV"	"ISRBUS"	"020"	"020"	"02"	"3"	"1"
"1982"	"GOV"	"LEG"	"020"	"020"	"02"	"3"	"1"
"1982"	"GOV"	"POL"	"020"	"020"	"02"	"3"	"1"
"1982"	"GOVMIL"	"GHAGOV"	"020"	"020"	"02"	"3"	"1"
"1982"	"JUD"	"USA"	"020"	"020"	"02"	"3"	"1"
"1982"	"MED"	"PGS"	"020"	"020"	"02"	"3"	"2"
"1982"	"MED"	"POL"	"020"	"020"	"02"	"3"	"3"
"1982"	"MED"	"POLBUS"	"020"	"020"	"02"	"3"	"1"
"1982"	"POL"	"DEUMED"	"020"	"020"	"02"	"3"	"1"
"1982"	"POL"	"REL"	"020"	"020"	"02"	"3"	"1"
"1982"	"POL"	"USA"	"020"	"020"	"02"	"3"	"1"
"1982"	"POLGOV"	""	"020"	"020"	"02"	"3"	"1"
"1982"	"POLGOV"	"USA"	"020"	"020"	"02"	"3"	"1"
"1982"	"PSE"	"EGY"	"020"	"020"	"02"	"3"	"2"
"1982"	"POL"	""	"021"	"021"	"02"	"3.4"	"1"
"1982"	"GOV"	"JUD"	"0211"	"021"	"02"	"3.4"	"1"
"1982"	"POLGOV"	"COP"	"0213"	"021"	"02"	"3.4"	"1"
"1982"	"USA"	"COP"	"0213"	"021"	"02"	"3.4"	"1"
"1982"	"SYR"	"ISR"	"022"	"022"	"02"	"3.2"	"1"
"1982"	"IGOMEAARL"	"ISR"	"022"	"022"	"02"	"3.2"	"1"
"1982"	"CRM"	"POL"	"0231"	"023"	"02"	"3.4"	"1"
"1982"	"EGY"	""	"0232"	"023"	"02"	"3.4"	"2"
"1982"	"EGY"	"MIL"	"0232"	"023"	"02"	"3.4"	"2"
"1982"	"GOV"	"MED"	"0233"	"023"	"02"	"3.4"	"2"
"1982"	"GOV"	"USA"	"0233"	"023"	"02"	"3.4"	"1"
"1982"	"USA"	""	"0233"	"023"	"02"	"3.4"	"3"
"1982"	"BUS"	"POL"	"0233"	"023"	"02"	"3.4"	"1"
"1982"	"CRM"	"HND"	"0233"	"023"	"02"	"3.4"	"4"
"1982"	"JPN"	"USA"	"0233"	"023"	"02"	"3.4"	"2"
"1982"	"GOV"	"RUS"	"025"	"025"	"02"	"-0.3"	"2"
"1982"	"GOV"	"USA"	"025"	"025"	"02"	"-0.3"	"1"
"1982"	"SYR"	"SYRGOV"	"025"	"025"	"02"	"-0.3"	"1"
"1982"	"SYRGOV"	"SYR"	"025"	"025"	"02"	"-0.3"	"1"
"1982"	""	"REL"	"025"	"025"	"02"	"-0.3"	"1"
"1982"	"IDNGOV"	""	"025"	"025"	"02"	"-0.3"	"1"
"1982"	"IRQ"	"ISR"	"025"	"025"	"02"	"-0.3"	"1"
"1982"	"AFG"	""	"0256"	"025"	"02"	"-0.3"	"2"
"1982"	"GOV"	"USA"	"0256"	"025"	"02"	"-0.3"	"1"
"1982"	"RUS"	"AFG"	"0256"	"025"	"02"	"-0.3"	"3"
"1982"	"GOV"	""	"026"	"026"	"02"	"4"	"3"
"1982"	"GOV"	"BOL"	"026"	"026"	"02"	"4"	"1"
"1982"	"KENGOV"	"AFR"	"026"	"026"	"02"	"4"	"1"
"1982"	"LAB"	""	"026"	"026"	"02"	"4"	"1"
"1982"	"POL"	"CHRCTH"	"026"	"026"	"02"	"4"	"1"
"1982"	"CHN"	""	"026"	"026"	"02"	"4"	"1"
"1982"	"GOV"	"ESP"	"026"	"026"	"02"	"4"	"1"
"1982"	"GOV"	"USA"	"026"	"026"	"02"	"4"	"1"
"1982"	"GOVMED"	""	"026"	"026"	"02"	"4"	"1"
"1982"	"CHN"	"TWN"	"027"	"027"	"02"	"4"	"1"
"1982"	"EGY"	"GOV"	"027"	"027"	"02"	"4"	"1"
"1982"	"GOV"	""	"027"	"027"	"02"	"4"	"1"
"1982"	"POL"	""	"027"	"027"	"02"	"4"	"2"
"1982"	"VAT"	""	"027"	"027"	"02"	"4"	"1"
"1982"	""	"CVL"	"030"	"030"	"03"	"4"	"1"
"1982"	"BHR"	"IRN"	"030"	"030"	"03"	"4"	"2"
"1982"	"CAN"	"MIL"	"030"	"030"	"03"	"4"	"1"
"1982"	"GBR"	"MIL"	"030"	"030"	"03"	"4"	"2"
"1982"	"POL"	"POLOPP"	"030"	"030"	"03"	"4"	"1"
"1982"	"POLOPP"	""	"030"	"030"	"03"	"4"	"1"
"1982"	"SAU"	"IRN"	"030"	"030"	"03"	"4"	"2"
"1982"	"BUSCVL"	"BUS"	"030"	"030"	"03"	"4"	"3"
"1982"	"CAN"	""	"030"	"030"	"03"	"4"	"1"
"1982"	"CRM"	"MIL"	"030"	"030"	"03"	"4"	"1"
"1982"	"EGY"	"ISR"	"030"	"030"	"03"	"4"	"5"
"1982"	"EGY"	"USA"	"030"	"030"	"03"	"4"	"2"
"1982"	"GBR"	"RUS"	"030"	"030"	"03"	"4"	"2"
"1982"	"GOV"	""	"030"	"030"	"03"	"4"	"2"
"1982"	"ISR"	"EGY"	"030"	"030"	"03"	"4"	"2"
"1982"	"ISR"	"USA"	"030"	"030"	"03"	"4"	"2"
"1982"	"JPN"	"GOV"	"030"	"030"	"03"	"4"	"1"
"1982"	"JPNMED"	"GOV"	"030"	"030"	"03"	"4"	"1"
"1982"	"MOS"	"GOV"	"030"	"030"	"03"	"4"	"1"
"1982"	"RUS"	"GBR"	"030"	"030"	"03"	"4"	"2"
"1982"	"USA"	""	"030"	"030"	"03"	"4"	"1"
"1982"	"USA"	"EGY"	"030"	"030"	"03"	"4"	"2"
"1982"	"USA"	"ISR"	"030"	"030"	"03"	"4"	"2"
"1982"	"USAGOV"	"GOV"	"030"	"030"	"03"	"4"	"2"
"1982"	"COP"	"GOV"	"030"	"030"	"03"	"4"	"1"
"1982"	"GOV"	"COP"	"030"	"030"	"03"	"4"	"1"
"1982"	"IRN"	""	"031"	"031"	"03"	"5.2"	"1"
"1982"	"RUS"	"IRN"	"031"	"031"	"03"	"5.2"	"2"
"1982"	""	"FRA"	"0311"	"031"	"03"	"5.2"	"1"
"1982"	"EGY"	"MED"	"0311"	"031"	"03"	"5.2"	"1"
"1982"	"EGYGOV"	"MED"	"0311"	"031"	"03"	"5.2"	"1"
"1982"	"GOV"	"MED"	"0311"	"031"	"03"	"5.2"	"1"
"1982"	"RUS"	"FRA"	"0311"	"031"	"03"	"5.2"	"1"
"1982"	"TWN"	""	"0311"	"031"	"03"	"5.2"	"2"
"1982"	"USAGOV"	"GOV"	"0311"	"031"	"03"	"5.2"	"1"
"1982"	"BUS"	""	"0311"	"031"	"03"	"5.2"	"1"
"1982"	"BUS"	"POL"	"0311"	"031"	"03"	"5.2"	"1"
"1982"	"ETH"	"FRA"	"0311"	"031"	"03"	"5.2"	"2"
"1982"	"IRQ"	"OMN"	"0311"	"031"	"03"	"5.2"	"2"
"1982"	"POL"	""	"0311"	"031"	"03"	"5.2"	"1"
"1982"	"MIL"	""	"033"	"033"	"03"	"5.2"	"1"
"1982"	"EGY"	"FRA"	"0331"	"033"	"03"	"5.2"	"2"
"1982"	"FRA"	""	"0331"	"033"	"03"	"5.2"	"1"
"1982"	"ISR"	""	"0331"	"033"	"03"	"5.2"	"2"
"1982"	"MIL"	"REB"	"0332"	"033"	"03"	"5.2"	"1"
"1982"	"SAU"	"SAUELI"	"035"	"035"	"03"	"7"	"2"
"1982"	"SAUELI"	"SAU"	"035"	"035"	"03"	"7"	"2"
"1982"	"SAUELI"	"SYR"	"035"	"035"	"03"	"7"	"2"
"1982"	"SYR"	"SAUELI"	"035"	"035"	"03"	"7"	"3"
"1982"	"GOV"	""	"035"	"035"	"03"	"7"	"1"
"1982"	"POL"	"CHE"	"0353"	"035"	"03"	"7"	"1"
"1982"	"ISR"	"EGY"	"0353"	"035"	"03"	"7"	"2"
"1982"	"ISRGOV"	"EGY"	"0353"	"035"	"03"	"7"	"1"
"1982"	"EGY"	"ISR"	"0353"	"035"	"03"	"7"	"1"
"1982"	"MED"	"CHR"	"0353"	"035"	"03"	"7"	"1"
"1982"	"MED"	"MOS"	"0353"	"035"	"03"	"7"	"1"
"1982"	"EUR"	"FRA"	"0356"	"035"	"03"	"7"	"1"
"1982"	"EUR"	"GBR"	"0356"	"035"	"03"	"7"	"1"
"1982"	"GBR"	"FRA"	"0356"	"035"	"03"	"7"	"1"
"1982"	"RUS"	"EUR"	"0356"	"035"	"03"	"7"	"1"
"1982"	""	"CAN"	"036"	"036"	"03"	"4"	"2"
"1982"	""	"GOV"	"036"	"036"	"03"	"4"	"1"
"1982"	""	"ISR"	"036"	"036"	"03"	"4"	"1"
"1982"	""	"KHMELI"	"036"	"036"	"03"	"4"	"1"
"1982"	"CAN"	""	"036"	"036"	"03"	"4"	"1"
"1982"	"CHN"	"KHMELI"	"036"	"036"	"03"	"4"	"1"
"1982"	"COP"	"CVL"	"036"	"036"	"03"	"4"	"1"
"1982"	"CVL"	"MIL"	"036"	"036"	"03"	"4"	"1"
"1982"	"EGYGOV"	"GOV"	"036"	"036"	"03"	"4"	"2"
"1982"	"EGYGOV"	"ISR"	"036"	"036"	"03"	"4"	"1"
"1982"	"FRA"	"USA"	"036"	"036"	"03"	"4"	"1"
"1982"	"FRAGOV"	"GOVMIL"	"036"	"036"	"03"	"4"	"1"
"1982"	"FRAGOV"	"USA"	"036"	"036"	"03"	"4"	"1"
"1982"	"GOV"	""	"036"	"036"	"03"	"4"	"3"
"1982"	"GOV"	"EGYGOV"	"036"	"036"	"03"	"4"	"3"
"1982"	"GOV"	"JPN"	"036"	"036"	"03"	"4"	"1"
"1982"	"GOV"	"USA"	"036"	"036"	"03"	"4"	"8"
"1982"	"IRN"	"SYR"	"036"	"036"	"03"	"4"	"1"
"1982"	"IRN"	"SYRGOV"	"036"	"036"	"03"	"4"	"4"
"1982"	"JPN"	"GOV"	"036"	"036"	"03"	"4"	"1"
"1982"	"KHMELI"	""	"036"	"036"	"03"	"4"	"1"
"1982"	"KHMELI"	"CHN"	"036"	"036"	"03"	"4"	"3"
"1982"	"POL"	"DEU"	"036"	"036"	"03"	"4"	"2"
"1982"	"POL"	"GMW"	"036"	"036"	"03"	"4"	"2"
"1982"	"SYR"	"IRN"	"036"	"036"	"03"	"4"	"4"
"1982"	"SYRGOV"	"IRN"	"036"	"036"	"03"	"4"	"8"
"1982"	"UKR"	""	"036"	"036"	"03"	"4"	"1"
"1982"	"USA"	"GOV"	"036"	"036"	"03"	"4"	"4"
"1982"	"IRN"	""	"036"	"036"	"03"	"4"	"1"
"1982"	"IRNGOV"	"SYR"	"036"	"036"	"03"	"4"	"2"
"1982"	"SYR"	"IRNGOV"	"036"	"036"	"03"	"4"	"2"
"1982"	""	"EGY"	"036"	"036"	"03"	"4"	"1"
"1982"	""	"POL"	"036"	"036"	"03"	"4"	"1"
"1982"	"AUS"	"USA"	"036"	"036"	"03"	"4"	"1"
"1982"	"BEL"	"POL"	"036"	"036"	"03"	"4"	"1"
"1982"	"DEU"	"DEUGOV"	"036"	"036"	"03"	"4"	"1"
"1982"	"DEU"	"USA"	"036"	"036"	"03"	"4"	"1"
"1982"	"DEUGOV"	"DEU"	"036"	"036"	"03"	"4"	"1"
"1982"	"EGY"	""	"036"	"036"	"03"	"4"	"2"
"1982"	"EUR"	"ESP"	"036"	"036"	"03"	"4"	"1"
"1982"	"GOV"	"LAB"	"036"	"036"	"03"	"4"	"1"
"1982"	"GOV"	"POL"	"036"	"036"	"03"	"4"	"2"
"1982"	"GOV"	"USALAB"	"036"	"036"	"03"	"4"	"1"
"1982"	"JAM"	"KNAELI"	"036"	"036"	"03"	"4"	"1"
"1982"	"KNAELI"	"JAM"	"036"	"036"	"03"	"4"	"1"
"1982"	"LAB"	"GOV"	"036"	"036"	"03"	"4"	"1"
"1982"	"POL"	""	"036"	"036"	"03"	"4"	"1"
"1982"	"RUSGOV"	"RUS"	"036"	"036"	"03"	"4"	"1"
"1982"	"SYC"	"USA"	"036"	"036"	"03"	"4"	"2"
"1982"	"SYRELIGOV"	""	"036"	"036"	"03"	"4"	"1"
"1982"	"SYRELIGOV"	"GOV"	"036"	"036"	"03"	"4"	"1"
"1982"	"SYRELIGOV"	"RUS"	"036"	"036"	"03"	"4"	"1"
"1982"	"USA"	"AUS"	"036"	"036"	"03"	"4"	"1"
"1982"	"USA"	"DEU"	"036"	"036"	"03"	"4"	"1"
"1982"	"USA"	"SYC"	"036"	"036"	"03"	"4"	"2"
"1982"	"USALAB"	"GOV"	"036"	"036"	"03"	"4"	"2"
"1982"	""	"CVL"	"036"	"036"	"03"	"4"	"1"
"1982"	""	"LEG"	"036"	"036"	"03"	"4"	"1"
"1982"	""	"MIL"	"036"	"036"	"03"	"4"	"1"
"1982"	"CHN"	"REL"	"036"	"036"	"03"	"4"	"2"
"1982"	"COPGOV"	"USA"	"036"	"036"	"03"	"4"	"1"
"1982"	"CVL"	""	"036"	"036"	"03"	"4"	"2"
"1982"	"DEU"	"GOV"	"036"	"036"	"03"	"4"	"1"
"1982"	"EGY"	"EGYGOVMED"	"036"	"036"	"03"	"4"	"3"
"1982"	"EGY"	"FRA"	"036"	"036"	"03"	"4"	"4"
"1982"	"EGYGOVMED"	"EGY"	"036"	"036"	"03"	"4"	"3"
"1982"	"EGYGOVMED"	"ISR"	"036"	"036"	"03"	"4"	"2"
"1982"	"ETH"	"FRA"	"036"	"036"	"03"	"4"	"2"
"1982"	"FRA"	"EGY"	"036"	"036"	"03"	"4"	"3"
"1982"	"GBR"	"CAN"	"036"	"036"	"03"	"4"	"1"
"1982"	"GBR"	"LKA"	"036"	"036"	"03"	"4"	"3"
"1982"	"GBR"	"REL"	"036"	"036"	"03"	"4"	"2"
"1982"	"GHA"	"GHAEDU"	"036"	"036"	"03"	"4"	"1"
"1982"	"GHAEDU"	""	"036"	"036"	"03"	"4"	"1"
"1982"	"GOV"	"DEU"	"036"	"036"	"03"	"4"	"1"
"1982"	"IRL"	"CAN"	"036"	"036"	"03"	"4"	"1"
"1982"	"ISR"	"EGYGOVMED"	"036"	"036"	"03"	"4"	"2"
"1982"	"LEG"	""	"036"	"036"	"03"	"4"	"1"
"1982"	"POL"	"GOV"	"036"	"036"	"03"	"4"	"2"
"1982"	"PGS"	"IRN"	"039"	"039"	"03"	"5"	"1"
"1982"	""	"CHN"	"040"	"040"	"04"	"1"	"1"
"1982"	""	"EGY"	"040"	"040"	"04"	"1"	"1"
"1982"	""	"GOV"	"040"	"040"	"04"	"1"	"5"
"1982"	""	"MED"	"040"	"040"	"04"	"1"	"1"
"1982"	""	"MIL"	"040"	"040"	"04"	"1"	"2"
"1982"	""	"POL"	"040"	"040"	"04"	"1"	"4"
"1982"	""	"POLGOV"	"040"	"040"	"04"	"1"	"1"
"1982"	""	"USA"	"040"	"040"	"04"	"1"	"2"
"1982"	"BEL"	"EUR"	"040"	"040"	"04"	"1"	"1"
"1982"	"CHN"	""	"040"	"040"	"04"	"1"	"1"
"1982"	"EDU"	""	"040"	"040"	"04"	"1"	"1"
"1982"	"EGY"	""	"040"	"040"	"04"	"1"	"1"
"1982"	"EGY"	"ISRGOV"	"040"	"040"	"04"	"1"	"1"
"1982"	"EGY"	"PSE"	"040"	"040"	"04"	"1"	"3"
"1982"	"EUR"	"BEL"	"040"	"040"	"04"	"1"	"2"
"1982"	"GBRGOV"	"IND"	"040"	"040"	"04"	"1"	"2"
"1982"	"GOV"	""	"040"	"040"	"04"	"1"	"5"
"1982"	"GOV"	"POL"	"040"	"040"	"04"	"1"	"4"
"1982"	"GOV"	"SAU"	"040"	"040"	"04"	"1"	"1"
"1982"	"GOV"	"USAGOV"	"040"	"040"	"04"	"1"	"1"
"1982"	"IND"	"GBRGOV"	"040"	"040"	"04"	"1"	"1"
"1982"	"IRN"	"SYR"	"040"	"040"	"04"	"1"	"5"
"1982"	"IRN"	"SYRGOV"	"040"	"040"	"04"	"1"	"3"
"1982"	"IRNGOV"	"SYR"	"040"	"040"	"04"	"1"	"2"
"1982"	"KHM"	""	"040"	"040"	"04"	"1"	"2"
"1982"	"LAB"	""	"040"	"040"	"04"	"1"	"1"
"1982"	"MED"	""	"040"	"040"	"04"	"1"	"1"
"1982"	"MIL"	""	"040"	"040"	"04"	"1"	"3"
"1982"	"POL"	""	"040"	"040"	"04"	"1"	"4"
"1982"	"POL"	"POLGOV"	"040"	"040"	"04"	"1"	"1"
"1982"	"POL"	"RUS"	"040"	"040"	"04"	"1"	"2"
"1982"	"POLGOV"	""	"040"	"040"	"04"	"1"	"1"
"1982"	"POLGOV"	"POL"	"040"	"040"	"04"	"1"	"1"
"1982"	"PSE"	"EGY"	"040"	"040"	"04"	"1"	"3"
"1982"	"PSE"	"USAGOV"	"040"	"040"	"04"	"1"	"1"
"1982"	"REL"	"SHN"	"040"	"040"	"04"	"1"	"1"
"1982"	"RUS"	"POL"	"040"	"040"	"04"	"1"	"3"
"1982"	"SAU"	"GOV"	"040"	"040"	"04"	"1"	"1"
"1982"	"SAU"	"SAUGOV"	"040"	"040"	"04"	"1"	"1"
"1982"	"SAUGOV"	"SAU"	"040"	"040"	"04"	"1"	"1"
"1982"	"SYR"	"IRN"	"040"	"040"	"04"	"1"	"5"
"1982"	"SYR"	"IRNGOV"	"040"	"040"	"04"	"1"	"2"
"1982"	"SYRGOV"	"IRN"	"040"	"040"	"04"	"1"	"2"
"1982"	"USA"	""	"040"	"040"	"04"	"1"	"1"
"1982"	"USAGOV"	"PSE"	"040"	"040"	"04"	"1"	"1"
"1982"	"USAGOV"	"USA"	"040"	"040"	"04"	"1"	"3"
"1982"	""	"ISR"	"040"	"040"	"04"	"1"	"2"
"1982"	"ISR"	""	"040"	"040"	"04"	"1"	"2"
"1982"	""	"FRA"	"040"	"040"	"04"	"1"	"1"
"1982"	""	"GOVGOV"	"040"	"040"	"04"	"1"	"1"
"1982"	"BEL"	"GOV"	"040"	"040"	"04"	"1"	"1"
"1982"	"CRI"	"GTMGOV"	"040"	"040"	"04"	"1"	"2"
"1982"	"CRI"	"HND"	"040"	"040"	"04"	"1"	"2"
"1982"	"CRI"	"SLV"	"040"	"040"	"04"	"1"	"2"
"1982"	"DNK"	"HUN"	"040"	"040"	"04"	"1"	"1"
"1982"	"DNK"	"HUNMED"	"040"	"040"	"04"	"1"	"2"
"1982"	"FRA"	""	"040"	"040"	"04"	"1"	"1"
"1982"	"FRA"	"RUS"	"040"	"040"	"04"	"1"	"1"
"1982"	"GOV"	"BEL"	"040"	"040"	"04"	"1"	"2"
"1982"	"GOV"	"IRN"	"040"	"040"	"04"	"1"	"3"
"1982"	"GOVGOV"	""	"040"	"040"	"04"	"1"	"1"
"1982"	"GOVGOV"	"POL"	"040"	"040"	"04"	"1"	"1"
"1982"	"GOVMIL"	"SAU"	"040"	"040"	"04"	"1"	"1"
"1982"	"GTMGOV"	"CRI"	"040"	"040"	"04"	"1"	"2"
"1982"	"GTMGOV"	"HND"	"040"	"040"	"04"	"1"	"2"
"1982"	"GTMGOV"	"SLV"	"040"	"040"	"04"	"1"	"2"
"1982"	"HND"	"CRI"	"040"	"040"	"04"	"1"	"2"
"1982"	"HND"	"GTMGOV"	"040"	"040"	"04"	"1"	"2"
"1982"	"HND"	"SLV"	"040"	"040"	"04"	"1"	"2"
"1982"	"HUN"	"DNK"	"040"	"040"	"04"	"1"	"1"
"1982"	"HUNMED"	"DNK"	"040"	"040"	"04"	"1"	"2"
"1982"	"IRN"	"GOV"	"040"	"040"	"04"	"1"	"2"
"1982"	"IRN"	"IRNGOV"	"040"	"040"	"04"	"1"	"1"
"1982"	"IRNGOV"	"IRN"	"040"	"040"	"04"	"1"	"1"
"1982"	"ITA"	"POL"	"040"	"040"	"04"	"1"	"2"
"1982"	"ITA"	"UAFCOP"	"040"	"040"	"04"	"1"	"1"
"1982"	"PAK"	"SAU"	"040"	"040"	"04"	"1"	"2"
"1982"	"POL"	"GOVGOV"	"040"	"040"	"04"	"1"	"1"
"1982"	"POL"	"ITA"	"040"	"040"	"04"	"1"	"2"
"1982"	"POLGOVEDU"	"POL"	"040"	"040"	"04"	"1"	"1"
"1982"	"RUS"	"FRA"	"040"	"040"	"04"	"1"	"1"
"1982"	"SAU"	"GOVMIL"	"040"	"040"	"04"	"1"	"1"
"1982"	"SAU"	"PAK"	"040"	"040"	"04"	"1"	"2"
"1982"	"SLV"	"CRI"	"040"	"040"	"04"	"1"	"2"
"1982"	"SLV"	"GTMGOV"	"040"	"040"	"04"	"1"	"2"
"1982"	"SLV"	"HND"	"040"	"040"	"04"	"1"	"2"
"1982"	"SPY"	"COP"	"040"	"040"	"04"	"1"	"1"
"1982"	"UAFCOP"	"ITA"	"040"	"040"	"04"	"1"	"1"
"1982"	"USA"	"USAGOV"	"040"	"040"	"04"	"1"	"1"
"1982"	"USAGOV"	""	"040"	"040"	"04"	"1"	"1"
"1982"	"USAGOV"	"GOV"	"040"	"040"	"04"	"1"	"1"
"1982"	""	"GRD"	"040"	"040"	"04"	"1"	"1"
"1982"	""	"OMN"	"040"	"040"	"04"	"1"	"1"
"1982"	"ALB"	"MED"	"040"	"040"	"04"	"1"	"1"
"1982"	"COP"	"COPGOV"	"040"	"040"	"04"	"1"	"1"
"1982"	"COP"	"USA"	"040"	"040"	"04"	"1"	"1"
"1982"	"COPGOV"	"COP"	"040"	"040"	"04"	"1"	"1"
"1982"	"COPGOV"	"USAELI"	"040"	"040"	"04"	"1"	"1"
"1982"	"COPGOV"	"USAGOV"	"040"	"040"	"04"	"1"	"1"
"1982"	"DEUGOV"	"POL"	"040"	"040"	"04"	"1"	"1"
"1982"	"EGY"	"FRAGOV"	"040"	"040"	"04"	"1"	"1"
"1982"	"EGY"	"ISR"	"040"	"040"	"04"	"1"	"3"
"1982"	"ESP"	""	"040"	"040"	"04"	"1"	"1"
"1982"	"ETH"	"FRA"	"040"	"040"	"04"	"1"	"2"
"1982"	"EUR"	"POL"	"040"	"040"	"04"	"1"	"2"
"1982"	"FRA"	"ETH"	"040"	"040"	"04"	"1"	"2"
"1982"	"FRA"	"FRAGOV"	"040"	"040"	"04"	"1"	"1"
"1982"	"FRAGOV"	"EGY"	"040"	"040"	"04"	"1"	"1"
"1982"	"FRAGOV"	"FRA"	"040"	"040"	"04"	"1"	"1"
"1982"	"FRAGOVMIL"	"EGY"	"040"	"040"	"04"	"1"	"2"
"1982"	"GOV"	"POLGOV"	"040"	"040"	"04"	"1"	"2"
"1982"	"GOV"	"RUS"	"040"	"040"	"04"	"1"	"1"
"1982"	"GOV"	"SYRMED"	"040"	"040"	"04"	"1"	"1"
"1982"	"GOV"	"USA"	"040"	"040"	"04"	"1"	"1"
"1982"	"GRD"	""	"040"	"040"	"04"	"1"	"1"
"1982"	"IGOMEAARL"	"LBY"	"040"	"040"	"04"	"1"	"2"
"1982"	"IGOMEAARL"	"SYR"	"040"	"040"	"04"	"1"	"2"
"1982"	"ISR"	"EGY"	"040"	"040"	"04"	"1"	"3"
"1982"	"JOR"	"LEGGOV"	"040"	"040"	"04"	"1"	"1"
"1982"	"LBY"	"IGOMEAARL"	"040"	"040"	"04"	"1"	"2"
"1982"	"MED"	"ALB"	"040"	"040"	"04"	"1"	"1"
"1982"	"OMN"	""	"040"	"040"	"04"	"1"	"1"
"1982"	"PAK"	"GOV"	"040"	"040"	"04"	"1"	"1"
"1982"	"POL"	"DEUGOV"	"040"	"040"	"04"	"1"	"1"
"1982"	"POL"	"EUR"	"040"	"040"	"04"	"1"	"2"
"1982"	"POL"	"GOV"	"040"	"040"	"04"	"1"	"3"
"1982"	"POLGOV"	"GOV"	"040"	"040"	"04"	"1"	"2"
"1982"	"USAMED"	"GOV"	"040"	"040"	"04"	"1"	"1"
"1982"	""	"LAB"	"041"	"041"	"04"	"1"	"1"
"1982"	"LAB"	""	"041"	"041"	"04"	"1"	"1"
"1982"	""	"GOVMIL"	"041"	"041"	"04"	"1"	"1"
"1982"	"FRA"	"IRN"	"041"	"041"	"04"	"1"	"2"
"1982"	"GOVMIL"	""	"041"	"041"	"04"	"1"	"1"
"1982"	"IRN"	"FRA"	"041"	"041"	"04"	"1"	"2"
"1982"	"IRQ"	"MED"	"041"	"041"	"04"	"1"	"1"
"1982"	"MED"	"IRQ"	"041"	"041"	"04"	"1"	"1"
"1982"	""	"AUS"	"042"	"042"	"04"	"1.9"	"1"
"1982"	""	"CHN"	"042"	"042"	"04"	"1.9"	"2"
"1982"	""	"COP"	"042"	"042"	"04"	"1.9"	"1"
"1982"	""	"CVL"	"042"	"042"	"04"	"1.9"	"1"
"1982"	""	"IRL"	"042"	"042"	"04"	"1.9"	"1"
"1982"	""	"LBY"	"042"	"042"	"04"	"1.9"	"2"
"1982"	""	"POL"	"042"	"042"	"04"	"1.9"	"4"
"1982"	""	"UAF"	"042"	"042"	"04"	"1.9"	"1"
"1982"	""	"UGA"	"042"	"042"	"04"	"1.9"	"1"
"1982"	""	"USA"	"042"	"042"	"04"	"1.9"	"4"
"1982"	"BLR"	"RUS"	"042"	"042"	"04"	"1.9"	"1"
"1982"	"CAN"	""	"042"	"042"	"04"	"1.9"	"1"
"1982"	"CHN"	""	"042"	"042"	"04"	"1.9"	"1"
"1982"	"CHN"	"MIL"	"042"	"042"	"04"	"1.9"	"1"
"1982"	"EGY"	"GOV"	"042"	"042"	"04"	"1.9"	"1"
"1982"	"GHA"	"CVL"	"042"	"042"	"04"	"1.9"	"1"
"1982"	"GOV"	"POL"	"042"	"042"	"04"	"1.9"	"2"
"1982"	"GOVAGR"	"LAO"	"042"	"042"	"04"	"1.9"	"1"
"1982"	"IRLREB"	"IRL"	"042"	"042"	"04"	"1.9"	"1"
"1982"	"IRN"	"SYR"	"042"	"042"	"04"	"1.9"	"4"
"1982"	"IRNGOV"	"SYR"	"042"	"042"	"04"	"1.9"	"3"
"1982"	"JPN"	"REL"	"042"	"042"	"04"	"1.9"	"1"
"1982"	"MIL"	"IRL"	"042"	"042"	"04"	"1.9"	"2"
"1982"	"MIL"	"POL"	"042"	"042"	"04"	"1.9"	"1"
"1982"	"MIL"	"SAU"	"042"	"042"	"04"	"1.9"	"2"
"1982"	"MOSCVL"	"IRN"	"042"	"042"	"04"	"1.9"	"1"
"1982"	"NGODNKCHRPROLEG"	"POL"	"042"	"042"	"04"	"1.9"	"1"
"1982"	"NGOUSACHR"	"POL"	"042"	"042"	"04"	"1.9"	"1"
"1982"	"POL"	""	"042"	"042"	"04"	"1.9"	"2"
"1982"	"POL"	"CAN"	"042"	"042"	"04"	"1.9"	"2"
"1982"	"POL"	"LEG"	"042"	"042"	"04"	"1.9"	"1"
"1982"	"RUS"	"BLR"	"042"	"042"	"04"	"1.9"	"2"
"1982"	"USA"	""	"042"	"042"	"04"	"1.9"	"3"
"1982"	"USA"	"RUS"	"042"	"042"	"04"	"1.9"	"1"
"1982"	"ISR"	"MAR"	"042"	"042"	"04"	"1.9"	"2"
"1982"	""	"BHR"	"042"	"042"	"04"	"1.9"	"1"
"1982"	""	"GBR"	"042"	"042"	"04"	"1.9"	"2"
"1982"	""	"ITA"	"042"	"042"	"04"	"1.9"	"1"
"1982"	""	"PAK"	"042"	"042"	"04"	"1.9"	"1"
"1982"	""	"RUS"	"042"	"042"	"04"	"1.9"	"1"
"1982"	"AFGCVL"	""	"042"	"042"	"04"	"1.9"	"1"
"1982"	"AFGGOV"	""	"042"	"042"	"04"	"1.9"	"1"
"1982"	"AUS"	"GMW"	"042"	"042"	"04"	"1.9"	"1"
"1982"	"CVL"	""	"042"	"042"	"04"	"1.9"	"2"
"1982"	"CVL"	"AFG"	"042"	"042"	"04"	"1.9"	"1"
"1982"	"CVL"	"GOV"	"042"	"042"	"04"	"1.9"	"1"
"1982"	"DEU"	"GOV"	"042"	"042"	"04"	"1.9"	"1"
"1982"	"DEUGOV"	"GOV"	"042"	"042"	"04"	"1.9"	"1"
"1982"	"EGY"	"MED"	"042"	"042"	"04"	"1.9"	"1"
"1982"	"EGYGOV"	"MED"	"042"	"042"	"04"	"1.9"	"1"
"1982"	"GBR"	"LBY"	"042"	"042"	"04"	"1.9"	"1"
"1982"	"GOV"	"KWT"	"042"	"042"	"04"	"1.9"	"1"
"1982"	"GOV"	"LAO"	"042"	"042"	"04"	"1.9"	"3"
"1982"	"GOV"	"MAR"	"042"	"042"	"04"	"1.9"	"6"
"1982"	"GOV"	"MED"	"042"	"042"	"04"	"1.9"	"1"
"1982"	"GOV"	"USA"	"042"	"042"	"04"	"1.9"	"5"
"1982"	"IRN"	"GOV"	"042"	"042"	"04"	"1.9"	"2"
"1982"	"IRNGOV"	"USA"	"042"	"042"	"04"	"1.9"	"1"
"1982"	"LAO"	"GOV"	"042"	"042"	"04"	"1.9"	"1"
"1982"	"LBY"	"CHR"	"042"	"042"	"04"	"1.9"	"2"
"1982"	"LBY"	"MOS"	"042"	"042"	"04"	"1.9"	"1"
"1982"	"LEG"	""	"042"	"042"	"04"	"1.9"	"1"
"1982"	"LEG"	"KOR"	"042"	"042"	"04"	"1.9"	"1"
"1982"	"PSE"	"PSEUAF"	"042"	"042"	"04"	"1.9"	"2"
"1982"	"REBCRM"	"CHRPTY"	"042"	"042"	"04"	"1.9"	"1"
"1982"	"REL"	"ITA"	"042"	"042"	"04"	"1.9"	"2"
"1982"	"SAU"	"PAK"	"042"	"042"	"04"	"1.9"	"2"
"1982"	"SAUMED"	"SAU"	"042"	"042"	"04"	"1.9"	"1"
"1982"	"SAUMED"	"SAUEDU"	"042"	"042"	"04"	"1.9"	"1"
"1982"	"UAF"	"ITA"	"042"	"042"	"04"	"1.9"	"1"
"1982"	"UKR"	"GIN"	"042"	"042"	"04"	"1.9"	"1"
"1982"	"UKRCVL"	"GIN"	"042"	"042"	"04"	"1.9"	"1"
"1982"	"IRN"	"SYRGOV"	"042"	"042"	"04"	"1.9"	"1"
"1982"	"ISR"	"ISRUAF"	"042"	"042"	"04"	"1.9"	"1"
"1982"	"ISRUAF"	"PSE"	"042"	"042"	"04"	"1.9"	"1"
"1982"	"MARGOV"	"MAR"	"042"	"042"	"04"	"1.9"	"1"
"1982"	""	"CUB"	"042"	"042"	"04"	"1.9"	"2"
"1982"	""	"IRQ"	"042"	"042"	"04"	"1.9"	"2"
"1982"	""	"PHL"	"042"	"042"	"04"	"1.9"	"1"
"1982"	""	"REF"	"042"	"042"	"04"	"1.9"	"1"
"1982"	""	"REL"	"042"	"042"	"04"	"1.9"	"1"
"1982"	"AUS"	"POL"	"042"	"042"	"04"	"1.9"	"3"
"1982"	"AUS"	"REL"	"042"	"042"	"04"	"1.9"	"1"
"1982"	"BUS"	"USA"	"042"	"042"	"04"	"1.9"	"2"
"1982"	"CAN"	"MEX"	"042"	"042"	"04"	"1.9"	"2"
"1982"	"CHN"	"CHNMIL"	"042"	"042"	"04"	"1.9"	"1"
"1982"	"CHNMIL"	""	"042"	"042"	"04"	"1.9"	"2"
"1982"	"CHRANG001"	"AUS"	"042"	"042"	"04"	"1.9"	"1"
"1982"	"CHRANG001"	"CHN"	"042"	"042"	"04"	"1.9"	"2"
"1982"	"CHRANG001"	"REL"	"042"	"042"	"04"	"1.9"	"2"
"1982"	"CHRCTH"	"GOV"	"042"	"042"	"04"	"1.9"	"1"
"1982"	"COP"	"OPP"	"042"	"042"	"04"	"1.9"	"1"
"1982"	"CUB"	"LAO"	"042"	"042"	"04"	"1.9"	"1"
"1982"	"CUB"	"USA"	"042"	"042"	"04"	"1.9"	"1"
"1982"	"EDU"	""	"042"	"042"	"04"	"1.9"	"1"
"1982"	"EDUEDU"	"MED"	"042"	"042"	"04"	"1.9"	"1"
"1982"	"EGY"	"CVL"	"042"	"042"	"04"	"1.9"	"1"
"1982"	"EGYGOV"	"ISR"	"042"	"042"	"04"	"1.9"	"2"
"1982"	"FIN"	"AUT"	"042"	"042"	"04"	"1.9"	"2"
"1982"	"FIN"	"CUB"	"042"	"042"	"04"	"1.9"	"2"
"1982"	"FIN"	"ESP"	"042"	"042"	"04"	"1.9"	"2"
"1982"	"FIN"	"MEX"	"042"	"042"	"04"	"1.9"	"2"
"1982"	"FIN"	"SWE"	"042"	"042"	"04"	"1.9"	"2"
"1982"	"FRA"	"EGY"	"042"	"042"	"04"	"1.9"	"3"
"1982"	"FRA"	"FRAGOV"	"042"	"042"	"04"	"1.9"	"2"
"1982"	"FRAGOV"	"EGY"	"042"	"042"	"04"	"1.9"	"1"
"1982"	"GBR"	"CHN"	"042"	"042"	"04"	"1.9"	"3"
"1982"	"GOV"	"DEU"	"042"	"042"	"04"	"1.9"	"1"
"1982"	"GOV"	"GMW"	"042"	"042"	"04"	"1.9"	"2"
"1982"	"GOV"	"MEX"	"042"	"042"	"04"	"1.9"	"1"
"1982"	"GOV"	"USAGOV"	"042"	"042"	"04"	"1.9"	"1"
"1982"	"GOVPTY"	"GOV"	"042"	"042"	"04"	"1.9"	"1"
"1982"	"HTI"	"USA"	"042"	"042"	"04"	"1.9"	"2"
"1982"	"IGOWSTNAT"	""	"042"	"042"	"04"	"1.9"	"1"
"1982"	"IGOWSTNAT"	"ITA"	"042"	"042"	"04"	"1.9"	"2"
"1982"	"ISR"	"EGY"	"042"	"042"	"04"	"1.9"	"3"
"1982"	"ISR"	"IRQ"	"042"	"042"	"04"	"1.9"	"1"
"1982"	"ITA"	"BUS"	"042"	"042"	"04"	"1.9"	"1"
"1982"	"JOR"	"EGY"	"042"	"042"	"04"	"1.9"	"1"
"1982"	"LEGGOV"	"JOR"	"042"	"042"	"04"	"1.9"	"1"
"1982"	"MED"	"IGOWSTNATMIL"	"042"	"042"	"04"	"1.9"	"1"
"1982"	"PGS"	"SAU"	"042"	"042"	"04"	"1.9"	"2"
"1982"	"PHL"	"THA"	"042"	"042"	"04"	"1.9"	"1"
"1982"	"POLELI"	"GOV"	"042"	"042"	"04"	"1.9"	"1"
"1982"	"POLELIGOV"	"DEU"	"042"	"042"	"04"	"1.9"	"2"
"1982"	""	"CAN"	"043"	"043"	"04"	"2.8"	"1"
"1982"	""	"CHN"	"043"	"043"	"04"	"2.8"	"1"
"1982"	""	"POL"	"043"	"043"	"04"	"2.8"	"2"
"1982"	""	"USA"	"043"	"043"	"04"	"2.8"	"3"
"1982"	"AUS"	""	"043"	"043"	"04"	"2.8"	"1"
"1982"	"BLR"	"RUS"	"043"	"043"	"04"	"2.8"	"2"
"1982"	"CAN"	"POL"	"043"	"043"	"04"	"2.8"	"3"
"1982"	"CHN"	""	"043"	"043"	"04"	"2.8"	"2"
"1982"	"COP"	""	"043"	"043"	"04"	"2.8"	"1"
"1982"	"CVL"	""	"043"	"043"	"04"	"2.8"	"1"
"1982"	"CVL"	"GHA"	"043"	"043"	"04"	"2.8"	"1"
"1982"	"GOV"	"EGY"	"043"	"043"	"04"	"2.8"	"1"
"1982"	"IRL"	""	"043"	"043"	"04"	"2.8"	"2"
"1982"	"IRL"	"IRLREB"	"043"	"043"	"04"	"2.8"	"1"
"1982"	"IRL"	"MIL"	"043"	"043"	"04"	"2.8"	"2"
"1982"	"IRN"	"MOSCVL"	"043"	"043"	"04"	"2.8"	"1"
"1982"	"LAO"	"GOVAGR"	"043"	"043"	"04"	"2.8"	"1"
"1982"	"LBY"	""	"043"	"043"	"04"	"2.8"	"1"
"1982"	"LEG"	"POL"	"043"	"043"	"04"	"2.8"	"1"
"1982"	"MIL"	"CHN"	"043"	"043"	"04"	"2.8"	"1"
"1982"	"POL"	""	"043"	"043"	"04"	"2.8"	"4"
"1982"	"POL"	"GOV"	"043"	"043"	"04"	"2.8"	"2"
"1982"	"POL"	"MIL"	"043"	"043"	"04"	"2.8"	"1"
"1982"	"POL"	"NGODNKCHRPROLEG"	"043"	"043"	"04"	"2.8"	"1"
"1982"	"POL"	"NGOUSACHR"	"043"	"043"	"04"	"2.8"	"1"
"1982"	"REL"	"JPN"	"043"	"043"	"04"	"2.8"	"1"
"1982"	"RUS"	"BLR"	"043"	"043"	"04"	"2.8"	"1"
"1982"	"RUS"	"USA"	"043"	"043"	"04"	"2.8"	"1"
"1982"	"SAU"	"MIL"	"043"	"043"	"04"	"2.8"	"2"
"1982"	"SYR"	"IRN"	"043"	"043"	"04"	"2.8"	"4"
"1982"	"SYR"	"IRNGOV"	"043"	"043"	"04"	"2.8"	"3"
"1982"	"UAF"	""	"043"	"043"	"04"	"2.8"	"1"
"1982"	"UGA"	""	"043"	"043"	"04"	"2.8"	"1"
"1982"	"USA"	""	"043"	"043"	"04"	"2.8"	"4"
"1982"	"MAR"	"ISR"	"043"	"043"	"04"	"2.8"	"2"
"1982"	""	"AFGCVL"	"043"	"043"	"04"	"2.8"	"2"
"1982"	""	"AFGGOV"	"043"	"043"	"04"	"2.8"	"1"
"1982"	""	"CVL"	"043"	"043"	"04"	"2.8"	"2"
"1982"	""	"LEG"	"043"	"043"	"04"	"2.8"	"1"
"1982"	"AFG"	"CVL"	"043"	"043"	"04"	"2.8"	"1"
"1982"	"BHR"	""	"043"	"043"	"04"	"2.8"	"1"
"1982"	"CHR"	"LBY"	"043"	"043"	"04"	"2.8"	"1"
"1982"	"CHRPTY"	"REBCRM"	"043"	"043"	"04"	"2.8"	"1"
"1982"	"GBR"	""	"043"	"043"	"04"	"2.8"	"1"
"1982"	"GIN"	"UKR"	"043"	"043"	"04"	"2.8"	"1"
"1982"	"GIN"	"UKRCVL"	"043"	"043"	"04"	"2.8"	"2"
"1982"	"GMW"	"AUS"	"043"	"043"	"04"	"2.8"	"2"
"1982"	"GOV"	"CVL"	"043"	"043"	"04"	"2.8"	"1"
"1982"	"GOV"	"DEU"	"043"	"043"	"04"	"2.8"	"1"
"1982"	"GOV"	"DEUGOV"	"043"	"043"	"04"	"2.8"	"1"
"1982"	"GOV"	"IRN"	"043"	"043"	"04"	"2.8"	"2"
"1982"	"GOV"	"LAO"	"043"	"043"	"04"	"2.8"	"1"
"1982"	"ITA"	""	"043"	"043"	"04"	"2.8"	"1"
"1982"	"ITA"	"REL"	"043"	"043"	"04"	"2.8"	"2"
"1982"	"ITA"	"UAF"	"043"	"043"	"04"	"2.8"	"1"
"1982"	"KOR"	"LEG"	"043"	"043"	"04"	"2.8"	"1"
"1982"	"KWT"	"GOV"	"043"	"043"	"04"	"2.8"	"1"
"1982"	"LAO"	"GOV"	"043"	"043"	"04"	"2.8"	"3"
"1982"	"LBY"	"GBR"	"043"	"043"	"04"	"2.8"	"1"
"1982"	"MAR"	"GOV"	"043"	"043"	"04"	"2.8"	"4"
"1982"	"MED"	"EGY"	"043"	"043"	"04"	"2.8"	"1"
"1982"	"MED"	"EGYGOV"	"043"	"043"	"04"	"2.8"	"1"
"1982"	"MED"	"GOV"	"043"	"043"	"04"	"2.8"	"1"
"1982"	"MOS"	"LBY"	"043"	"043"	"04"	"2.8"	"1"
"1982"	"PAK"	""	"043"	"043"	"04"	"2.8"	"1"
"1982"	"PAK"	"SAU"	"043"	"043"	"04"	"2.8"	"2"
"1982"	"PSEUAF"	"PSE"	"043"	"043"	"04"	"2.8"	"2"
"1982"	"RUS"	""	"043"	"043"	"04"	"2.8"	"1"
"1982"	"SAU"	"SAUMED"	"043"	"043"	"04"	"2.8"	"1"
"1982"	"SAUEDU"	"SAUMED"	"043"	"043"	"04"	"2.8"	"2"
"1982"	"USA"	"GOV"	"043"	"043"	"04"	"2.8"	"1"
"1982"	"USA"	"IRNGOV"	"043"	"043"	"04"	"2.8"	"1"
"1982"	"ISRUAF"	"ISR"	"043"	"043"	"04"	"2.8"	"1"
"1982"	"MAR"	"MARGOV"	"043"	"043"	"04"	"2.8"	"1"
"1982"	"PSE"	"ISRUAF"	"043"	"043"	"04"	"2.8"	"1"
"1982"	"SYRGOV"	"IRN"	"043"	"043"	"04"	"2.8"	"1"
"1982"	""	"CHNMIL"	"043"	"043"	"04"	"2.8"	"2"
"1982"	""	"IGOWSTNAT"	"043"	"043"	"04"	"2.8"	"1"
"1982"	""	"RUS"	"043"	"043"	"04"	"2.8"	"2"
"1982"	"AUS"	"CHRANG001"	"043"	"043"	"04"	"2.8"	"1"
"1982"	"AUT"	"FIN"	"043"	"043"	"04"	"2.8"	"2"
"1982"	"AUT"	"USA"	"043"	"043"	"04"	"2.8"	"2"
"1982"	"BUS"	"ITA"	"043"	"043"	"04"	"2.8"	"1"
"1982"	"CHN"	"CHRANG001"	"043"	"043"	"04"	"2.8"	"2"
"1982"	"CHN"	"GBR"	"043"	"043"	"04"	"2.8"	"3"
"1982"	"CHN"	"REL"	"043"	"043"	"04"	"2.8"	"2"
"1982"	"CHNMIL"	"CHN"	"043"	"043"	"04"	"2.8"	"1"
"1982"	"CUB"	""	"043"	"043"	"04"	"2.8"	"2"
"1982"	"CUB"	"FIN"	"043"	"043"	"04"	"2.8"	"2"
"1982"	"CUB"	"USA"	"043"	"043"	"04"	"2.8"	"4"
"1982"	"CVL"	"EGY"	"043"	"043"	"04"	"2.8"	"1"
"1982"	"DEU"	"GOV"	"043"	"043"	"04"	"2.8"	"1"
"1982"	"EGY"	"FRA"	"043"	"043"	"04"	"2.8"	"3"
"1982"	"EGY"	"FRAGOV"	"043"	"043"	"04"	"2.8"	"1"
"1982"	"EGY"	"ISR"	"043"	"043"	"04"	"2.8"	"3"
"1982"	"EGY"	"JOR"	"043"	"043"	"04"	"2.8"	"1"
"1982"	"ESP"	"FIN"	"043"	"043"	"04"	"2.8"	"2"
"1982"	"ESP"	"USA"	"043"	"043"	"04"	"2.8"	"2"
"1982"	"FIN"	"USA"	"043"	"043"	"04"	"2.8"	"2"
"1982"	"FRAGOV"	"FRA"	"043"	"043"	"04"	"2.8"	"2"
"1982"	"GMW"	"GOV"	"043"	"043"	"04"	"2.8"	"2"
"1982"	"GOV"	"CHRCTH"	"043"	"043"	"04"	"2.8"	"1"
"1982"	"GOV"	"GOVPTY"	"043"	"043"	"04"	"2.8"	"1"
"1982"	"GOV"	"POLELI"	"043"	"043"	"04"	"2.8"	"1"
"1982"	"GOV"	"USA"	"043"	"043"	"04"	"2.8"	"1"
"1982"	"IGOWSTNATMIL"	"MED"	"043"	"043"	"04"	"2.8"	"1"
"1982"	"IGOWSTNATMIL"	"USA"	"043"	"043"	"04"	"2.8"	"1"
"1982"	"IRQ"	""	"043"	"043"	"04"	"2.8"	"2"
"1982"	"IRQ"	"ISR"	"043"	"043"	"04"	"2.8"	"1"
"1982"	"ISR"	"EGYGOV"	"043"	"043"	"04"	"2.8"	"2"
"1982"	"ITA"	"IGOWSTNAT"	"043"	"043"	"04"	"2.8"	"2"
"1982"	"JOR"	"LEGGOV"	"043"	"043"	"04"	"2.8"	"1"
"1982"	"LAO"	"CUB"	"043"	"043"	"04"	"2.8"	"1"
"1982"	"MED"	"EDUEDU"	"043"	"043"	"04"	"2.8"	"1"
"1982"	"MEX"	"CAN"	"043"	"043"	"04"	"2.8"	"2"
"1982"	"MEX"	"FIN"	"043"	"043"	"04"	"2.8"	"2"
"1982"	"MEX"	"GOV"	"043"	"043"	"04"	"2.8"	"1"
"1982"	"MEX"	"USA"	"043"	"043"	"04"	"2.8"	"3"
"1982"	"OPP"	"COP"	"043"	"043"	"04"	"2.8"	"1"
"1982"	"OPP"	"USACOP"	"043"	"043"	"04"	"2.8"	"1"
"1982"	"PER"	"USA"	"043"	"043"	"04"	"2.8"	"1"
"1982"	"PER"	"USAGOV"	"043"	"043"	"04"	"2.8"	"1"
"1982"	"PHL"	""	"043"	"043"	"04"	"2.8"	"1"
"1982"	"POL"	"AUS"	"043"	"043"	"04"	"2.8"	"3"
"1982"	"IGOMEAARL"	"SYR"	"044"	"044"	"04"	"2.5"	"2"
"1982"	"IRQ"	"IRN"	"045"	"045"	"04"	"5"	"4"
"1982"	"KWT"	"EUR"	"045"	"045"	"04"	"5"	"2"
"1982"	"MAR"	"MRT"	"045"	"045"	"04"	"5"	"4"
"1982"	"CVL"	""	"045"	"045"	"04"	"5"	"3"
"1982"	""	"AGR"	"046"	"046"	"04"	"7"	"1"
"1982"	""	"BOL"	"046"	"046"	"04"	"7"	"1"
"1982"	""	"BUS"	"046"	"046"	"04"	"7"	"1"
"1982"	""	"POLMED"	"046"	"046"	"04"	"7"	"1"
"1982"	"AGR"	""	"046"	"046"	"04"	"7"	"1"
"1982"	"BOL"	""	"046"	"046"	"04"	"7"	"1"
"1982"	"BUS"	""	"046"	"046"	"04"	"7"	"1"
"1982"	"COD"	"POL"	"046"	"046"	"04"	"7"	"1"
"1982"	"EGY"	"ISRGOV"	"046"	"046"	"04"	"7"	"1"
"1982"	"GOV"	"USAGOV"	"046"	"046"	"04"	"7"	"2"
"1982"	"GUY"	"POL"	"046"	"046"	"04"	"7"	"1"
"1982"	"IGOMEAARL"	"JORELIGOV"	"046"	"046"	"04"	"7"	"2"
"1982"	"ISRGOV"	"EGY"	"046"	"046"	"04"	"7"	"1"
"1982"	"ITA"	"MED"	"046"	"046"	"04"	"7"	"2"
"1982"	"JOR"	"POL"	"046"	"046"	"04"	"7"	"2"
"1982"	"JORELIGOV"	"IGOMEAARL"	"046"	"046"	"04"	"7"	"3"
"1982"	"LBY"	"SAU"	"046"	"046"	"04"	"7"	"2"
"1982"	"LBY"	"SAUGOV"	"046"	"046"	"04"	"7"	"1"
"1982"	"MIL"	"POLMED"	"046"	"046"	"04"	"7"	"1"
"1982"	"MIL"	"RUS"	"046"	"046"	"04"	"7"	"2"
"1982"	"POL"	"COD"	"046"	"046"	"04"	"7"	"1"
"1982"	"POL"	"GUY"	"046"	"046"	"04"	"7"	"1"
"1982"	"POL"	"JOR"	"046"	"046"	"04"	"7"	"2"
"1982"	"POL"	"TGO"	"046"	"046"	"04"	"7"	"2"
"1982"	"POLMED"	""	"046"	"046"	"04"	"7"	"1"
"1982"	"POLMED"	"MIL"	"046"	"046"	"04"	"7"	"1"
"1982"	"POLMED"	"RUS"	"046"	"046"	"04"	"7"	"1"
"1982"	"RUS"	"MIL"	"046"	"046"	"04"	"7"	"2"
"1982"	"RUS"	"POLMED"	"046"	"046"	"04"	"7"	"1"
"1982"	"SAU"	"LBY"	"046"	"046"	"04"	"7"	"2"
"1982"	"SAUGOV"	"LBY"	"046"	"046"	"04"	"7"	"1"
"1982"	"TGO"	"POL"	"046"	"046"	"04"	"7"	"2"
"1982"	"USAGOV"	"GOV"	"046"	"046"	"04"	"7"	"1"
"1982"	"IGOMEAARL"	"MAR"	"046"	"046"	"04"	"7"	"1"
"1982"	"MAR"	"IGOMEAARL"	"046"	"046"	"04"	"7"	"1"
"1982"	""	"BEL"	"046"	"046"	"04"	"7"	"1"
"1982"	""	"ESP"	"046"	"046"	"04"	"7"	"1"
"1982"	""	"GOV"	"046"	"046"	"04"	"7"	"2"
"1982"	""	"GOVBUS"	"046"	"046"	"04"	"7"	"1"
"1982"	""	"HND"	"046"	"046"	"04"	"7"	"2"
"1982"	""	"IRNGOV"	"046"	"046"	"04"	"7"	"1"
"1982"	""	"MIL"	"046"	"046"	"04"	"7"	"2"
"1982"	""	"POL"	"046"	"046"	"04"	"7"	"1"
"1982"	""	"RUS"	"046"	"046"	"04"	"7"	"1"
"1982"	"BEL"	""	"046"	"046"	"04"	"7"	"1"
"1982"	"BEL"	"GOV"	"046"	"046"	"04"	"7"	"3"
"1982"	"BEL"	"POL"	"046"	"046"	"04"	"7"	"1"
"1982"	"CRI"	"GOV"	"046"	"046"	"04"	"7"	"2"
"1982"	"EGY"	"USA"	"046"	"046"	"04"	"7"	"3"
"1982"	"ESP"	""	"046"	"046"	"04"	"7"	"1"
"1982"	"GOV"	""	"046"	"046"	"04"	"7"	"3"
"1982"	"GOV"	"BEL"	"046"	"046"	"04"	"7"	"3"
"1982"	"GOV"	"CRI"	"046"	"046"	"04"	"7"	"2"
"1982"	"GOV"	"GTMGOV"	"046"	"046"	"04"	"7"	"1"
"1982"	"GOV"	"HND"	"046"	"046"	"04"	"7"	"2"
"1982"	"GOV"	"IRN"	"046"	"046"	"04"	"7"	"1"
"1982"	"GOV"	"PAK"	"046"	"046"	"04"	"7"	"3"
"1982"	"GOV"	"POLELI"	"046"	"046"	"04"	"7"	"1"
"1982"	"GOV"	"SLV"	"046"	"046"	"04"	"7"	"2"
"1982"	"GOVBUS"	""	"046"	"046"	"04"	"7"	"1"
"1982"	"GOVMIL"	"SAU"	"046"	"046"	"04"	"7"	"2"
"1982"	"GTMGOV"	"GOV"	"046"	"046"	"04"	"7"	"1"
"1982"	"HND"	""	"046"	"046"	"04"	"7"	"1"
"1982"	"HND"	"GOV"	"046"	"046"	"04"	"7"	"2"
"1982"	"IRN"	"GOV"	"046"	"046"	"04"	"7"	"1"
"1982"	"IRN"	"SYR"	"046"	"046"	"04"	"7"	"6"
"1982"	"IRNGOV"	""	"046"	"046"	"04"	"7"	"1"
"1982"	"ISR"	"PSE"	"046"	"046"	"04"	"7"	"1"
"1982"	"ISR"	"USA"	"046"	"046"	"04"	"7"	"3"
"1982"	"LAB"	"POL"	"046"	"046"	"04"	"7"	"1"
"1982"	"MIL"	""	"046"	"046"	"04"	"7"	"1"
"1982"	"MIL"	"UAF"	"046"	"046"	"04"	"7"	"1"
"1982"	"PAK"	"GOV"	"046"	"046"	"04"	"7"	"3"
"1982"	"PAK"	"SAU"	"046"	"046"	"04"	"7"	"1"
"1982"	"POL"	""	"046"	"046"	"04"	"7"	"1"
"1982"	"POL"	"BEL"	"046"	"046"	"04"	"7"	"1"
"1982"	"POL"	"LAB"	"046"	"046"	"04"	"7"	"1"
"1982"	"POL"	"USA"	"046"	"046"	"04"	"7"	"2"
"1982"	"POLELI"	"GOV"	"046"	"046"	"04"	"7"	"1"
"1982"	"PSE"	"ISR"	"046"	"046"	"04"	"7"	"1"
"1982"	"RUS"	""	"046"	"046"	"04"	"7"	"1"
"1982"	"SAU"	"GOVMIL"	"046"	"046"	"04"	"7"	"1"
"1982"	"SAU"	"PAK"	"046"	"046"	"04"	"7"	"1"
"1982"	"SLV"	"GOV"	"046"	"046"	"04"	"7"	"2"
"1982"	"SYR"	"IRN"	"046"	"046"	"04"	"7"	"4"
"1982"	"UAF"	"MIL"	"046"	"046"	"04"	"7"	"1"
"1982"	"USA"	"EGY"	"046"	"046"	"04"	"7"	"3"
"1982"	"USA"	"ISR"	"046"	"046"	"04"	"7"	"3"
"1982"	"USA"	"POL"	"046"	"046"	"04"	"7"	"2"
"1982"	""	"CHN"	"046"	"046"	"04"	"7"	"2"
"1982"	""	"CHNMIL"	"046"	"046"	"04"	"7"	"1"
"1982"	""	"EGY"	"046"	"046"	"04"	"7"	"2"
"1982"	"CHN"	""	"046"	"046"	"04"	"7"	"2"
"1982"	"CHN"	"CHNMIL"	"046"	"046"	"04"	"7"	"1"
"1982"	"CHNMIL"	""	"046"	"046"	"04"	"7"	"1"
"1982"	"CHNMIL"	"CHN"	"046"	"046"	"04"	"7"	"1"
"1982"	"COPGOV"	"RUS"	"046"	"046"	"04"	"7"	"1"
"1982"	"CUB"	"LAO"	"046"	"046"	"04"	"7"	"1"
"1982"	"DEUGOV"	"GOV"	"046"	"046"	"04"	"7"	"1"
"1982"	"DEUGOV"	"USAGOV"	"046"	"046"	"04"	"7"	"1"
"1982"	"EDU"	"KOR"	"046"	"046"	"04"	"7"	"1"
"1982"	"EGY"	""	"046"	"046"	"04"	"7"	"2"
"1982"	"EGY"	"ISR"	"046"	"046"	"04"	"7"	"2"
"1982"	"GBR"	"REL"	"046"	"046"	"04"	"7"	"3"
"1982"	"GOV"	"DEUGOV"	"046"	"046"	"04"	"7"	"1"
"1982"	"GOV"	"LAO"	"046"	"046"	"04"	"7"	"2"
"1982"	"GOV"	"SAU"	"046"	"046"	"04"	"7"	"2"
"1982"	"GOV"	"USA"	"046"	"046"	"04"	"7"	"2"
"1982"	"GOV"	"USAGOVJUD"	"046"	"046"	"04"	"7"	"1"
"1982"	"GOV"	"USAJUD"	"046"	"046"	"04"	"7"	"1"
"1982"	"ISR"	"EGY"	"046"	"046"	"04"	"7"	"2"
"1982"	"ISR"	"SAU"	"046"	"046"	"04"	"7"	"3"
"1982"	"KOR"	"EDU"	"046"	"046"	"04"	"7"	"1"
"1982"	"LAO"	"CUB"	"046"	"046"	"04"	"7"	"1"
"1982"	"LAO"	"GOV"	"046"	"046"	"04"	"7"	"2"
"1982"	"POL"	"GOV"	"046"	"046"	"04"	"7"	"2"
"1982"	"CAN"	"CVL"	"050"	"050"	"05"	"3.5"	"1"
"1982"	"CHR"	""	"050"	"050"	"05"	"3.5"	"1"
"1982"	"CVL"	"CAN"	"050"	"050"	"05"	"3.5"	"1"
"1982"	"EGY"	""	"050"	"050"	"05"	"3.5"	"1"
"1982"	"EGY"	"CHR"	"050"	"050"	"05"	"3.5"	"1"
"1982"	"IRQ"	"LBY"	"050"	"050"	"05"	"3.5"	"3"
"1982"	"ISR"	""	"050"	"050"	"05"	"3.5"	"2"
"1982"	"LBN"	"LBY"	"050"	"050"	"05"	"3.5"	"1"
"1982"	"LBN"	"SAU"	"050"	"050"	"05"	"3.5"	"1"
"1982"	"LBY"	"IRQ"	"050"	"050"	"05"	"3.5"	"3"
"1982"	"LBY"	"LBN"	"050"	"050"	"05"	"3.5"	"1"
"1982"	"LBY"	"SAU"	"050"	"050"	"05"	"3.5"	"4"
"1982"	"MIL"	"POL"	"050"	"050"	"05"	"3.5"	"1"
"1982"	"POL"	"USA"	"050"	"050"	"05"	"3.5"	"1"
"1982"	"POLGOV"	"USA"	"050"	"050"	"05"	"3.5"	"1"
"1982"	"SAU"	"LBY"	"050"	"050"	"05"	"3.5"	"2"
"1982"	"USA"	"POL"	"050"	"050"	"05"	"3.5"	"1"
"1982"	"USA"	"POLGOV"	"050"	"050"	"05"	"3.5"	"1"
"1982"	"AFG"	"CHN"	"050"	"050"	"05"	"3.5"	"1"
"1982"	"AFG"	"PAK"	"050"	"050"	"05"	"3.5"	"1"
"1982"	"AFG"	"USA"	"050"	"050"	"05"	"3.5"	"1"
"1982"	"AUT"	"POL"	"050"	"050"	"05"	"3.5"	"2"
"1982"	"CHN"	""	"050"	"050"	"05"	"3.5"	"1"
"1982"	"GOV"	"POLELI"	"050"	"050"	"05"	"3.5"	"1"
"1982"	"HUN"	""	"050"	"050"	"05"	"3.5"	"1"
"1982"	"IND"	"MIL"	"050"	"050"	"05"	"3.5"	"2"
"1982"	"IND"	"RUSMIL"	"050"	"050"	"05"	"3.5"	"2"
"1982"	"ISR"	"PSE"	"050"	"050"	"05"	"3.5"	"2"
"1982"	"MED"	"EDU"	"050"	"050"	"05"	"3.5"	"1"
"1982"	"POLELI"	"GOV"	"050"	"050"	"05"	"3.5"	"1"
"1982"	"PSE"	"ISR"	"050"	"050"	"05"	"3.5"	"2"
"1982"	"RUS"	"CHN"	"050"	"050"	"05"	"3.5"	"3"
"1982"	"RUS"	"PAK"	"050"	"050"	"05"	"3.5"	"2"
"1982"	"RUS"	"USA"	"050"	"050"	"05"	"3.5"	"1"
"1982"	"USA"	""	"050"	"050"	"05"	"3.5"	"1"
"1982"	""	"GOV"	"050"	"050"	"05"	"3.5"	"1"
"1982"	"BUS"	"GOV"	"050"	"050"	"05"	"3.5"	"1"
"1982"	"GOV"	""	"050"	"050"	"05"	"3.5"	"1"
"1982"	"GOV"	"BUS"	"050"	"050"	"05"	"3.5"	"1"
"1982"	""	"GOV"	"051"	"051"	"05"	"3.4"	"3"
"1982"	""	"ISR"	"051"	"051"	"05"	"3.4"	"1"
"1982"	""	"MNG"	"051"	"051"	"05"	"3.4"	"1"
"1982"	""	"POL"	"051"	"051"	"05"	"3.4"	"1"
"1982"	""	"USA"	"051"	"051"	"05"	"3.4"	"2"
"1982"	"CHN"	"CHNGOV"	"051"	"051"	"05"	"3.4"	"1"
"1982"	"CHN"	"GOV"	"051"	"051"	"05"	"3.4"	"1"
"1982"	"CHRCTH"	""	"051"	"051"	"05"	"3.4"	"3"
"1982"	"CHRCTH"	"POL"	"051"	"051"	"05"	"3.4"	"2"
"1982"	"GOV"	""	"051"	"051"	"05"	"3.4"	"6"
"1982"	"GOV"	"IRN"	"051"	"051"	"05"	"3.4"	"1"
"1982"	"GOV"	"MOS"	"051"	"051"	"05"	"3.4"	"3"
"1982"	"GOV"	"NAM"	"051"	"051"	"05"	"3.4"	"3"
"1982"	"GOV"	"SDN"	"051"	"051"	"05"	"3.4"	"4"
"1982"	"IRN"	"SYR"	"051"	"051"	"05"	"3.4"	"2"
"1982"	"IRNGOV"	"SYR"	"051"	"051"	"05"	"3.4"	"1"
"1982"	"ISR"	""	"051"	"051"	"05"	"3.4"	"2"
"1982"	"ITA"	"POL"	"051"	"051"	"05"	"3.4"	"1"
"1982"	"LBY"	"IRN"	"051"	"051"	"05"	"3.4"	"2"
"1982"	"MIL"	"THAMIL"	"051"	"051"	"05"	"3.4"	"2"
"1982"	"POL"	"CHRCTH"	"051"	"051"	"05"	"3.4"	"3"
"1982"	"PSE"	""	"051"	"051"	"05"	"3.4"	"2"
"1982"	"SAUELI"	"GOV"	"051"	"051"	"05"	"3.4"	"1"
"1982"	"SAUGOV"	""	"051"	"051"	"05"	"3.4"	"1"
"1982"	"SYR"	"IRQ"	"051"	"051"	"05"	"3.4"	"3"
"1982"	"SYR"	"SAUELI"	"051"	"051"	"05"	"3.4"	"2"
"1982"	"MIL"	"THA"	"051"	"051"	"05"	"3.4"	"1"
"1982"	""	"PSE"	"051"	"051"	"05"	"3.4"	"1"
"1982"	"BUD"	""	"051"	"051"	"05"	"3.4"	"1"
"1982"	"CAN"	""	"051"	"051"	"05"	"3.4"	"1"
"1982"	"CVL"	""	"051"	"051"	"05"	"3.4"	"1"
"1982"	"EGY"	"PSE"	"051"	"051"	"05"	"3.4"	"1"
"1982"	"ERI"	""	"051"	"051"	"05"	"3.4"	"1"
"1982"	"GOVMIL"	""	"051"	"051"	"05"	"3.4"	"1"
"1982"	"HUN"	"POL"	"051"	"051"	"05"	"3.4"	"1"
"1982"	"IRNGOV"	"REB"	"051"	"051"	"05"	"3.4"	"2"
"1982"	"ISR"	"RUS"	"051"	"051"	"05"	"3.4"	"3"
"1982"	"ITA"	"MIL"	"051"	"051"	"05"	"3.4"	"1"
"1982"	"ITA"	"REL"	"051"	"051"	"05"	"3.4"	"3"
"1982"	"MIL"	"ITAMIL"	"051"	"051"	"05"	"3.4"	"1"
"1982"	"POL"	""	"051"	"051"	"05"	"3.4"	"2"
"1982"	"PSE"	"ISR"	"051"	"051"	"05"	"3.4"	"1"
"1982"	"PSE"	"ISREDU"	"051"	"051"	"05"	"3.4"	"1"
"1982"	"PSE"	"JOR"	"051"	"051"	"05"	"3.4"	"2"
"1982"	"RAD"	"POL"	"051"	"051"	"05"	"3.4"	"1"
"1982"	"USA"	"ISR"	"051"	"051"	"05"	"3.4"	"2"
"1982"	"USA"	"MIL"	"051"	"051"	"05"	"3.4"	"2"
"1982"	"USA"	"SLV"	"051"	"051"	"05"	"3.4"	"2"
"1982"	"VAT"	"CHRCTH"	"051"	"051"	"05"	"3.4"	"1"
"1982"	"VAT"	"POL"	"051"	"051"	"05"	"3.4"	"2"
"1982"	"VAT"	"POLLAB"	"051"	"051"	"05"	"3.4"	"1"
"1982"	"SYR"	"SAU"	"051"	"051"	"05"	"3.4"	"1"
"1982"	""	"FRA"	"051"	"051"	"05"	"3.4"	"2"
"1982"	""	"IGOUNO"	"051"	"051"	"05"	"3.4"	"1"
"1982"	"CHRCTH"	"ARG"	"051"	"051"	"05"	"3.4"	"1"
"1982"	"EGY"	""	"051"	"051"	"05"	"3.4"	"2"
"1982"	"FIN"	"POL"	"051"	"051"	"05"	"3.4"	"3"
"1982"	"FIN"	"USA"	"051"	"051"	"05"	"3.4"	"3"
"1982"	"FRA"	"EGY"	"051"	"051"	"05"	"3.4"	"2"
"1982"	"FRAGOV"	"FRA"	"051"	"051"	"05"	"3.4"	"1"
"1982"	"GBRGOV"	"GBR"	"051"	"051"	"05"	"3.4"	"1"
"1982"	"GBRGOV"	"GBRCVL"	"051"	"051"	"05"	"3.4"	"1"
"1982"	"GOV"	"GBR"	"051"	"051"	"05"	"3.4"	"1"
"1982"	"GOV"	"GOVMIL"	"051"	"051"	"05"	"3.4"	"1"
"1982"	"GOV"	"ISR"	"051"	"051"	"05"	"3.4"	"1"
"1982"	"GOV"	"SAU"	"051"	"051"	"05"	"3.4"	"2"
"1982"	"GOV"	"USA"	"051"	"051"	"05"	"3.4"	"1"
"1982"	"GOV"	"USAGOV"	"051"	"051"	"05"	"3.4"	"1"
"1982"	"IGOMEAARL"	"USA"	"051"	"051"	"05"	"3.4"	"1"
"1982"	"IRQ"	"KWT"	"051"	"051"	"05"	"3.4"	"2"
"1982"	"ISR"	"IRQ"	"051"	"051"	"05"	"3.4"	"2"
"1982"	"ITA"	""	"051"	"051"	"05"	"3.4"	"1"
"1982"	"ITA"	"FRA"	"051"	"051"	"05"	"3.4"	"1"
"1982"	"ITAJUD"	"ITA"	"051"	"051"	"05"	"3.4"	"1"
"1982"	"JUD"	""	"051"	"051"	"05"	"3.4"	"1"
"1982"	"LBN"	"IRN"	"051"	"051"	"05"	"3.4"	"2"
"1982"	"LEG"	""	"051"	"051"	"05"	"3.4"	"1"
"1982"	"LEG"	"JUD"	"051"	"051"	"05"	"3.4"	"1"
"1982"	"MED"	"MOS"	"051"	"051"	"05"	"3.4"	"1"
"1982"	"MED"	"POL"	"051"	"051"	"05"	"3.4"	"1"
"1982"	"PSE"	"EGY"	"051"	"051"	"05"	"3.4"	"1"
"1982"	"NGOHRI"	"SLVGOV"	"052"	"052"	"05"	"3.5"	"2"
"1982"	""	"GOV"	"054"	"054"	"05"	"6"	"2"
"1982"	""	"LAB"	"054"	"054"	"05"	"6"	"1"
"1982"	"GOV"	""	"054"	"054"	"05"	"6"	"2"
"1982"	"SAU"	""	"054"	"054"	"05"	"6"	"2"
"1982"	"SAUELI"	""	"054"	"054"	"05"	"6"	"1"
"1982"	"SAUELI"	"SAU"	"054"	"054"	"05"	"6"	"1"
"1982"	"SAUELIGOV"	""	"054"	"054"	"05"	"6"	"1"
"1982"	"SAUELIGOV"	"RUS"	"054"	"054"	"05"	"6"	"1"
"1982"	"SAUGOV"	"RUS"	"054"	"054"	"05"	"6"	"1"
"1982"	"GOV"	"OPP"	"056"	"056"	"05"	"7"	"1"
"1982"	"UGAGOV"	"OPP"	"056"	"056"	"05"	"7"	"1"
"1982"	"BHR"	"GOV"	"057"	"057"	"05"	"8"	"2"
"1982"	"GOV"	"BHR"	"057"	"057"	"05"	"8"	"2"
"1982"	"GOV"	"SAU"	"057"	"057"	"05"	"8"	"3"
"1982"	"SAU"	"GOV"	"057"	"057"	"05"	"8"	"3"
"1982"	""	"BHR"	"057"	"057"	"05"	"8"	"1"
"1982"	""	"SWE"	"057"	"057"	"05"	"8"	"1"
"1982"	"BHR"	""	"057"	"057"	"05"	"8"	"1"
"1982"	"BHR"	"QAT"	"057"	"057"	"05"	"8"	"2"
"1982"	"GBR"	"GOV"	"057"	"057"	"05"	"8"	"1"
"1982"	"GBRCVL"	"GOV"	"057"	"057"	"05"	"8"	"1"
"1982"	"GOV"	"GBR"	"057"	"057"	"05"	"8"	"1"
"1982"	"GOV"	"GBRCVL"	"057"	"057"	"05"	"8"	"1"
"1982"	"QAT"	"BHR"	"057"	"057"	"05"	"8"	"2"
"1982"	"SWE"	""	"057"	"057"	"05"	"8"	"1"
"1982"	""	"FIN"	"057"	"057"	"05"	"8"	"1"
"1982"	""	"USA"	"057"	"057"	"05"	"8"	"1"
"1982"	"EGY"	""	"057"	"057"	"05"	"8"	"2"
"1982"	"FIN"	""	"057"	"057"	"05"	"8"	"1"
"1982"	"FIN"	"RUS"	"057"	"057"	"05"	"8"	"3"
"1982"	"IGOMEAARL"	"EGY"	"057"	"057"	"05"	"8"	"2"
"1982"	""	"POL"	"060"	"060"	"06"	"6"	"2"
"1982"	""	"UIS"	"060"	"060"	"06"	"6"	"1"
"1982"	"CHN"	"TWN"	"060"	"060"	"06"	"6"	"2"
"1982"	"GOV"	""	"060"	"060"	"06"	"6"	"2"
"1982"	"MIL"	""	"060"	"060"	"06"	"6"	"2"
"1982"	"MIL"	"POL"	"060"	"060"	"06"	"6"	"1"
"1982"	"NLD"	"TWN"	"060"	"060"	"06"	"6"	"3"
"1982"	""	"LBY"	"060"	"060"	"06"	"6"	"1"
"1982"	"BGD"	"GOV"	"060"	"060"	"06"	"6"	"2"
"1982"	"BUS"	"GBR"	"060"	"060"	"06"	"6"	"2"
"1982"	"GOV"	"EGY"	"060"	"060"	"06"	"6"	"2"
"1982"	"GOV"	"MOSRAD"	"060"	"060"	"06"	"6"	"1"
"1982"	"ITA"	"UAFCOP"	"060"	"060"	"06"	"6"	"1"
"1982"	"UAFCOP"	""	"060"	"060"	"06"	"6"	"1"
"1982"	"USA"	"ISR"	"060"	"060"	"06"	"6"	"2"
"1982"	""	"GOV"	"060"	"060"	"06"	"6"	"1"
"1982"	"EGYCVL"	"EGY"	"060"	"060"	"06"	"6"	"1"
"1982"	"EGYGOV"	"EGY"	"060"	"060"	"06"	"6"	"1"
"1982"	"EGYGOV"	"EGYGOV"	"060"	"060"	"06"	"6"	"1"
"1982"	"EGYGOV"	"GOV"	"060"	"060"	"06"	"6"	"1"
"1982"	"FRAGOV"	"FRAGOV"	"060"	"060"	"06"	"6"	"1"
"1982"	"GOV"	"BUS"	"060"	"060"	"06"	"6"	"1"
"1982"	"GOV"	"EGYBUS"	"060"	"060"	"06"	"6"	"1"
"1982"	"GOV"	"FRA"	"060"	"060"	"06"	"6"	"1"
"1982"	"GOV"	"KOR"	"060"	"060"	"06"	"6"	"1"
"1982"	"GOV"	"KORBUS"	"060"	"060"	"06"	"6"	"1"
"1982"	"GOV"	"KORELI"	"060"	"060"	"06"	"6"	"1"
"1982"	"GOV"	"POL"	"060"	"060"	"06"	"6"	"1"
"1982"	"GOVMIL"	""	"060"	"060"	"06"	"6"	"1"
"1982"	"ITA"	"COP"	"060"	"060"	"06"	"6"	"1"
"1982"	"POL"	""	"060"	"060"	"06"	"6"	"1"
"1982"	"POL"	"POLGOVMIL"	"060"	"060"	"06"	"6"	"1"
"1982"	"POLGOVMIL"	""	"060"	"060"	"06"	"6"	"1"
"1982"	"CHN"	"TWN"	"061"	"061"	"06"	"6.4"	"3"
"1982"	"GHA"	"CIV"	"061"	"061"	"06"	"6.4"	"1"
"1982"	"IRN"	"RUS"	"061"	"061"	"06"	"6.4"	"2"
"1982"	"RUS"	"IRN"	"061"	"061"	"06"	"6.4"	"2"
"1982"	"TUR"	"GBR"	"061"	"061"	"06"	"6.4"	"1"
"1982"	"TWN"	"CHN"	"061"	"061"	"06"	"6.4"	"3"
"1982"	"USA"	""	"061"	"061"	"06"	"6.4"	"2"
"1982"	"POL"	"BUS"	"061"	"061"	"06"	"6.4"	"1"
"1982"	"JPN"	""	"061"	"061"	"06"	"6.4"	"1"
"1982"	"JPN"	"JPNBUS"	"061"	"061"	"06"	"6.4"	"1"
"1982"	"JPNBUS"	"JPN"	"061"	"061"	"06"	"6.4"	"1"
"1982"	"CHN"	"TWN"	"062"	"062"	"06"	"7.4"	"2"
"1982"	"MIL"	"TWN"	"062"	"062"	"06"	"7.4"	"1"
"1982"	"TWN"	"CHN"	"062"	"062"	"06"	"7.4"	"2"
"1982"	"TWN"	"MIL"	"062"	"062"	"06"	"7.4"	"1"
"1982"	"EGY"	"OMN"	"062"	"062"	"06"	"7.4"	"2"
"1982"	"OMN"	"EGY"	"062"	"062"	"06"	"7.4"	"2"
"1982"	"OMN"	"SDN"	"062"	"062"	"06"	"7.4"	"2"
"1982"	"OMN"	"SOM"	"062"	"062"	"06"	"7.4"	"2"
"1982"	"MAR"	"MRT"	"064"	"064"	"06"	"7"	"4"
"1982"	"MRT"	"MAR"	"064"	"064"	"06"	"7"	"4"
"1982"	"COP"	""	"064"	"064"	"06"	"7"	"1"
"1982"	"ISR"	"NLDBUS"	"070"	"070"	"07"	"7"	"1"
"1982"	"CHN"	""	"070"	"070"	"07"	"7"	"1"
"1982"	"FRA"	"EGY"	"070"	"070"	"07"	"7"	"1"
"1982"	"JUD"	""	"070"	"070"	"07"	"7"	"1"
"1982"	"PAK"	"LEG"	"070"	"070"	"07"	"7"	"1"
"1982"	"CVL"	""	"070"	"070"	"07"	"7"	"1"
"1982"	"CVL"	"USA"	"070"	"070"	"07"	"7"	"2"
"1982"	"EGY"	"CVL"	"070"	"070"	"07"	"7"	"1"
"1982"	"FRA"	"SDN"	"071"	"071"	"07"	"7.4"	"1"
"1982"	"MOS"	"MIL"	"071"	"071"	"07"	"7.4"	"1"
"1982"	"GOV"	""	"071"	"071"	"07"	"7.4"	"3"
"1982"	"USAJUD"	"CVL"	"071"	"071"	"07"	"7.4"	"1"
"1982"	"FRA"	"EGY"	"071"	"071"	"07"	"7.4"	"2"
"1982"	"MOS"	"MED"	"071"	"071"	"07"	"7.4"	"1"
"1982"	"NGA"	"TCD"	"072"	"072"	"07"	"8.3"	"3"
"1982"	""	"LABREB"	"072"	"072"	"07"	"8.3"	"1"
"1982"	""	"NIC"	"072"	"072"	"07"	"8.3"	"1"
"1982"	"GBR"	"IRN"	"072"	"072"	"07"	"8.3"	"1"
"1982"	"GOVMIL"	""	"072"	"072"	"07"	"8.3"	"2"
"1982"	"RUS"	""	"072"	"072"	"07"	"8.3"	"1"
"1982"	"USA"	"RUS"	"072"	"072"	"07"	"8.3"	"2"
"1982"	"AFG"	""	"072"	"072"	"07"	"8.3"	"1"
"1982"	"GOVMIL"	"NIC"	"072"	"072"	"07"	"8.3"	"1"
"1982"	"NGOUSACHR"	"POL"	"073"	"073"	"07"	"7.4"	"2"
"1982"	"NGOUSACHRCTH"	""	"073"	"073"	"07"	"7.4"	"1"
"1982"	"USAMED"	"POL"	"073"	"073"	"07"	"7.4"	"1"
"1982"	""	"USAMIL"	"073"	"073"	"07"	"7.4"	"1"
"1982"	"GOV"	"USAMIL"	"073"	"073"	"07"	"7.4"	"1"
"1982"	"USA"	"USAMIL"	"073"	"073"	"07"	"7.4"	"1"
"1982"	"MIL"	""	"073"	"073"	"07"	"7.4"	"1"
"1982"	"GOV"	"USAUAF"	"074"	"074"	"07"	"8.5"	"1"
"1982"	"USA"	"POL"	"075"	"075"	"07"	"7"	"2"
"1982"	"USA"	"POLMIL"	"075"	"075"	"07"	"7"	"3"
"1982"	"GOV"	""	"075"	"075"	"07"	"7"	"1"
"1982"	"HND"	"NIC"	"075"	"075"	"07"	"7"	"3"
"1982"	"POLLAB"	"PAN"	"075"	"075"	"07"	"7"	"1"
"1982"	"CAN"	""	"075"	"075"	"07"	"7"	"3"
"1982"	""	"GOV"	"080"	"080"	"08"	"5"	"1"
"1982"	""	"SYR"	"080"	"080"	"08"	"5"	"1"
"1982"	"GOV"	"CVL"	"080"	"080"	"08"	"5"	"1"
"1982"	"GOV"	"USA"	"080"	"080"	"08"	"5"	"1"
"1982"	"IRLREB"	""	"080"	"080"	"08"	"5"	"1"
"1982"	"ISRGOV"	"GOV"	"080"	"080"	"08"	"5"	"2"
"1982"	"ISRGOV"	"JOR"	"080"	"080"	"08"	"5"	"1"
"1982"	"MIL"	""	"080"	"080"	"08"	"5"	"1"
"1982"	"MILGOV"	"GHA"	"080"	"080"	"08"	"5"	"1"
"1982"	"POL"	"GOV"	"080"	"080"	"08"	"5"	"1"
"1982"	"RUS"	"POL"	"080"	"080"	"08"	"5"	"1"
"1982"	"UAF"	""	"080"	"080"	"08"	"5"	"1"
"1982"	"USAENV"	""	"080"	"080"	"08"	"5"	"1"
"1982"	"USAENV"	"BUS"	"080"	"080"	"08"	"5"	"1"
"1982"	"CHRPTY"	"ITAPTY"	"080"	"080"	"08"	"5"	"2"
"1982"	"EGYGOV"	""	"080"	"080"	"08"	"5"	"1"
"1982"	"GBR"	"RUS"	"080"	"080"	"08"	"5"	"2"
"1982"	"IRN"	"FRA"	"080"	"080"	"08"	"5"	"2"
"1982"	"ITA"	"POL"	"080"	"080"	"08"	"5"	"1"
"1982"	"POL"	"GBR"	"080"	"080"	"08"	"5"	"1"
"1982"	"POLCVL"	"GBR"	"080"	"080"	"08"	"5"	"1"
"1982"	"REB"	"FRA"	"080"	"080"	"08"	"5"	"1"
"1982"	""	"EUR"	"080"	"080"	"08"	"5"	"1"
"1982"	"BLR"	""	"080"	"080"	"08"	"5"	"1"
"1982"	"BLR"	"RUS"	"080"	"080"	"08"	"5"	"1"
"1982"	"BUS"	""	"080"	"080"	"08"	"5"	"1"
"1982"	"BUS"	"CVL"	"080"	"080"	"08"	"5"	"1"
"1982"	"GOV"	""	"080"	"080"	"08"	"5"	"1"
"1982"	"IRN"	"IRQ"	"080"	"080"	"08"	"5"	"2"
"1982"	"IRQ"	""	"080"	"080"	"08"	"5"	"1"
"1982"	"POL"	"USA"	"080"	"080"	"08"	"5"	"1"
"1982"	"POL"	"USAGOV"	"080"	"080"	"08"	"5"	"1"
"1982"	"ISR"	""	"0813"	"081"	"08"	"5"	"1"
"1982"	"ISR"	"SYR"	"0813"	"081"	"08"	"5"	"3"
"1982"	"MED"	"PRK"	"0813"	"081"	"08"	"5"	"1"
"1982"	"COP"	""	"0813"	"081"	"08"	"5"	"1"
"1982"	"CVL"	"ISR"	"0813"	"081"	"08"	"5"	"1"
"1982"	"ISR"	"MIL"	"0813"	"081"	"08"	"5"	"1"
"1982"	"SYR"	"ISR"	"0813"	"081"	"08"	"5"	"2"
"1982"	"GOV"	""	"0813"	"081"	"08"	"5"	"1"
"1982"	"ISR"	"MED"	"0831"	"083"	"08"	"5"	"1"
"1982"	"ISRGOV"	"MED"	"0831"	"083"	"08"	"5"	"1"
"1982"	"USA"	""	"0831"	"083"	"08"	"5"	"1"
"1982"	"ESP"	"GOV"	"0831"	"083"	"08"	"5"	"1"
"1982"	"ESPELI"	"GOV"	"0831"	"083"	"08"	"5"	"1"
"1982"	"GHA"	""	"0831"	"083"	"08"	"5"	"1"
"1982"	"GOV"	""	"0831"	"083"	"08"	"5"	"4"
"1982"	"GOV"	"ESP"	"0831"	"083"	"08"	"5"	"1"
"1982"	"GOV"	"ESPELI"	"0831"	"083"	"08"	"5"	"1"
"1982"	"JORGOV"	""	"0831"	"083"	"08"	"5"	"1"
"1982"	"ISR"	"ISRELI"	"0831"	"083"	"08"	"5"	"1"
"1982"	"ISRMIL"	"ISRELI"	"0831"	"083"	"08"	"5"	"2"
"1982"	"COP"	"LAB"	"084"	"084"	"08"	"7"	"1"
"1982"	"EDU"	""	"084"	"084"	"08"	"7"	"1"
"1982"	"FRA"	"FRAGOV"	"084"	"084"	"08"	"7"	"1"
"1982"	"FRAGOV"	""	"084"	"084"	"08"	"7"	"1"
"1982"	"MIL"	"OPP"	"084"	"084"	"08"	"7"	"1"
"1982"	"REB"	""	"084"	"084"	"08"	"7"	"1"
"1982"	"REB"	"HND"	"084"	"084"	"08"	"7"	"1"
"1982"	"SAU"	""	"084"	"084"	"08"	"7"	"1"
"1982"	"UGA"	"GOV"	"084"	"084"	"08"	"7"	"1"
"1982"	"FRA"	"GOV"	"084"	"084"	"08"	"7"	"1"
"1982"	"FRAGOV"	"FRA"	"084"	"084"	"08"	"7"	"1"
"1982"	"ITA"	""	"084"	"084"	"08"	"7"	"1"
"1982"	"USAGOV"	""	"084"	"084"	"08"	"7"	"1"
"1982"	"GOV"	""	"084"	"084"	"08"	"7"	"1"
"1982"	""	"MED"	"0841"	"084"	"08"	"7"	"1"
"1982"	""	"OPP"	"0841"	"084"	"08"	"7"	"1"
"1982"	"GOV"	"POL"	"0841"	"084"	"08"	"7"	"1"
"1982"	"MED"	"EGY"	"0841"	"084"	"08"	"7"	"1"
"1982"	"POL"	""	"0841"	"084"	"08"	"7"	"3"
"1982"	"REB"	"OPP"	"0841"	"084"	"08"	"7"	"1"
"1982"	"UGA"	"OPP"	"0841"	"084"	"08"	"7"	"1"
"1982"	"UGAGOV"	"OPP"	"0841"	"084"	"08"	"7"	"1"
"1982"	""	"LEG"	"0841"	"084"	"08"	"7"	"1"
"1982"	""	"REB"	"0841"	"084"	"08"	"7"	"1"
"1982"	"CHRCTH"	"POL"	"0841"	"084"	"08"	"7"	"1"
"1982"	"CVLREF"	"SDN"	"0841"	"084"	"08"	"7"	"1"
"1982"	"ITA"	""	"0841"	"084"	"08"	"7"	"1"
"1982"	"LEG"	"OPPPTY"	"0841"	"084"	"08"	"7"	"1"
"1982"	"OPP"	"JEWSET"	"0841"	"084"	"08"	"7"	"2"
"1982"	"UGA"	"LEG"	"0841"	"084"	"08"	"7"	"1"
"1982"	"EGYGOV"	"MED"	"0841"	"084"	"08"	"7"	"1"
"1982"	"GHA"	"GOV"	"0841"	"084"	"08"	"7"	"1"
"1982"	"baq"	"ESP"	"0841"	"084"	"08"	"7"	"1"
"1982"	"ISR"	"JEWCVL"	"0842"	"084"	"08"	"7"	"1"
"1982"	"TCD"	"NGA"	"086"	"086"	"08"	"9"	"3"
"1982"	"IRN"	"GBR"	"086"	"086"	"08"	"9"	"1"
"1982"	"GBR"	"IRL"	"0874"	"087"	"08"	"10"	"1"
"1982"	"GOV"	"RUS"	"0874"	"087"	"08"	"10"	"2"
"1982"	"GOV"	"USA"	"0874"	"087"	"08"	"10"	"1"
"1982"	"AFG"	""	"0874"	"087"	"08"	"10"	"1"
"1982"	"EUR"	"FRA"	"0874"	"087"	"08"	"10"	"1"
"1982"	"EUR"	"GBR"	"0874"	"087"	"08"	"10"	"1"
"1982"	"GBR"	"FRA"	"0874"	"087"	"08"	"10"	"1"
"1982"	"ISR"	"EGY"	"0874"	"087"	"08"	"10"	"2"
"1982"	"ISRGOV"	"EGY"	"0874"	"087"	"08"	"10"	"1"
"1982"	"PSE"	"LBN"	"0874"	"087"	"08"	"10"	"2"
"1982"	"RUS"	"AFG"	"0874"	"087"	"08"	"10"	"2"
"1982"	"RUS"	"EUR"	"0874"	"087"	"08"	"10"	"1"
"1982"	"ISR"	"LBN"	"0874"	"087"	"08"	"10"	"1"
"1982"	"ISRUAF"	"LBN"	"0874"	"087"	"08"	"10"	"1"
"1982"	""	"IGOUNO"	"0874"	"087"	"08"	"10"	"1"
"1982"	"EGY"	"ISR"	"0874"	"087"	"08"	"10"	"1"
"1982"	"EGYGOV"	"EGY"	"0874"	"087"	"08"	"10"	"1"
"1982"	"IRQ"	"IRN"	"0874"	"087"	"08"	"10"	"5"
"1982"	"CHRCTH"	"AUT"	"090"	"090"	"09"	"-2"	"2"
"1982"	"CVL"	"AFG"	"090"	"090"	"09"	"-2"	"1"
"1982"	"GHA"	""	"090"	"090"	"09"	"-2"	"1"
"1982"	"SYR"	"ISR"	"090"	"090"	"09"	"-2"	"3"
"1982"	"USA"	"POL"	"090"	"090"	"09"	"-2"	"2"
"1982"	""	"JUD"	"090"	"090"	"09"	"-2"	"2"
"1982"	"AFG"	"AFGMIL"	"090"	"090"	"09"	"-2"	"1"
"1982"	"COP"	""	"090"	"090"	"09"	"-2"	"7"
"1982"	"GBR"	""	"090"	"090"	"09"	"-2"	"2"
"1982"	"GBRLEG"	"GBR"	"090"	"090"	"09"	"-2"	"1"
"1982"	"ISR"	"CVL"	"090"	"090"	"09"	"-2"	"1"
"1982"	"ISR"	"SYRCVL"	"090"	"090"	"09"	"-2"	"1"
"1982"	"LAB"	"MED"	"090"	"090"	"09"	"-2"	"1"
"1982"	"LBN"	""	"090"	"090"	"09"	"-2"	"1"
"1982"	"LEG"	""	"090"	"090"	"09"	"-2"	"1"
"1982"	"LEG"	"GBR"	"090"	"090"	"09"	"-2"	"1"
"1982"	"POL"	""	"090"	"090"	"09"	"-2"	"2"
"1982"	"RUS"	"EDUEDU"	"090"	"090"	"09"	"-2"	"2"
"1982"	"USA"	""	"090"	"090"	"09"	"-2"	"2"
"1982"	"USA"	"LEG"	"090"	"090"	"09"	"-2"	"1"
"1982"	"USA"	"MED"	"090"	"090"	"09"	"-2"	"1"
"1982"	"USA"	"USAGOVLAB"	"090"	"090"	"09"	"-2"	"2"
"1982"	"USAJUD"	"USAGOVLAB"	"090"	"090"	"09"	"-2"	"1"
"1982"	"AFR"	""	"090"	"090"	"09"	"-2"	"1"
"1982"	"CAN"	"CRM"	"090"	"090"	"09"	"-2"	"1"
"1982"	"COP"	"ITA"	"090"	"090"	"09"	"-2"	"1"
"1982"	"COP"	"UAF"	"090"	"090"	"09"	"-2"	"1"
"1982"	"COP"	"USA"	"090"	"090"	"09"	"-2"	"1"
"1982"	"GOV"	""	"090"	"090"	"09"	"-2"	"1"
"1982"	"GOVJUD"	""	"090"	"090"	"09"	"-2"	"1"
"1982"	"IDN"	""	"090"	"090"	"09"	"-2"	"1"
"1982"	"ITA"	""	"090"	"090"	"09"	"-2"	"1"
"1982"	"ITACOP"	"ITA"	"090"	"090"	"09"	"-2"	"1"
"1982"	"IRN"	"IRNREB"	"094"	"094"	"09"	"-2"	"1"
"1982"	"IRNELI"	"IRNREB"	"094"	"094"	"09"	"-2"	"1"
"1982"	"IRNREB"	"IRN"	"094"	"094"	"09"	"-2"	"1"
"1982"	""	"GOV"	"100"	"100"	"10"	"-5"	"1"
"1982"	"GOV"	""	"100"	"100"	"10"	"-5"	"6"
"1982"	"GOV"	"POLGOV"	"100"	"100"	"10"	"-5"	"1"
"1982"	"GOV"	"PSE"	"100"	"100"	"10"	"-5"	"1"
"1982"	"MED"	"POL"	"100"	"100"	"10"	"-5"	"1"
"1982"	"MIL"	"ISR"	"100"	"100"	"10"	"-5"	"1"
"1982"	"POL"	""	"100"	"100"	"10"	"-5"	"2"
"1982"	"POL"	"CAN"	"100"	"100"	"10"	"-5"	"1"
"1982"	"POL"	"GOV"	"100"	"100"	"10"	"-5"	"1"
"1982"	"POLGOV"	"GOV"	"100"	"100"	"10"	"-5"	"1"
"1982"	"RUS"	""	"100"	"100"	"10"	"-5"	"1"
"1982"	"RUS"	"MED"	"100"	"100"	"10"	"-5"	"1"
"1982"	"RUS"	"RUSMED"	"100"	"100"	"10"	"-5"	"1"
"1982"	"RUS"	"USA"	"100"	"100"	"10"	"-5"	"3"
"1982"	"USA"	""	"100"	"100"	"10"	"-5"	"2"
"1982"	""	"GHA"	"100"	"100"	"10"	"-5"	"1"
"1982"	"POLELI"	"GOV"	"100"	"100"	"10"	"-5"	"1"
"1982"	"USA"	"USAMIL"	"100"	"100"	"10"	"-5"	"1"
"1982"	"USAMIL"	"IGOWSTNAT"	"100"	"100"	"10"	"-5"	"1"
"1982"	""	"CVL"	"100"	"100"	"10"	"-5"	"1"
"1982"	"CVL"	""	"100"	"100"	"10"	"-5"	"1"
"1982"	"CVL"	"JUD"	"100"	"100"	"10"	"-5"	"1"
"1982"	"CVL"	"USA"	"100"	"100"	"10"	"-5"	"1"
"1982"	"EGY"	"PSE"	"100"	"100"	"10"	"-5"	"2"
"1982"	"GOV"	"IGOWSTNAT"	"100"	"100"	"10"	"-5"	"1"
"1982"	"MILGOV"	"IGOUNO"	"100"	"100"	"10"	"-5"	"1"
"1982"	""	"POLJUD"	"1013"	"101"	"10"	"-5"	"1"
"1982"	""	"CAN"	"1014"	"101"	"10"	"-5"	"2"
"1982"	"IRN"	"IRQ"	"105"	"105"	"10"	"-5"	"3"
"1982"	"FRA"	"FRAGOV"	"1053"	"105"	"10"	"-5"	"1"
"1982"	"FRAGOV"	""	"1053"	"105"	"10"	"-5"	"1"
"1982"	"MIL"	"POL"	"1053"	"105"	"10"	"-5"	"1"
"1982"	"REB"	"OPP"	"1053"	"105"	"10"	"-5"	"1"
"1982"	"ITA"	""	"1053"	"105"	"10"	"-5"	"1"
"1982"	""	"GOV"	"110"	"110"	"11"	"-2"	"1"
"1982"	""	"JUD"	"110"	"110"	"11"	"-2"	"1"
"1982"	"CHN"	""	"110"	"110"	"11"	"-2"	"1"
"1982"	"CHN"	"TWN"	"110"	"110"	"11"	"-2"	"1"
"1982"	"CVL"	"GOV"	"110"	"110"	"11"	"-2"	"1"
"1982"	"EDU"	"BUS"	"110"	"110"	"11"	"-2"	"1"
"1982"	"EUR"	"USA"	"110"	"110"	"11"	"-2"	"3"
"1982"	"GOV"	""	"110"	"110"	"11"	"-2"	"4"
"1982"	"GOV"	"POL"	"110"	"110"	"11"	"-2"	"1"
"1982"	"ISR"	""	"110"	"110"	"11"	"-2"	"1"
"1982"	"ISR"	"USA"	"110"	"110"	"11"	"-2"	"1"
"1982"	"ITA"	""	"110"	"110"	"11"	"-2"	"1"
"1982"	"MED"	"USA"	"110"	"110"	"11"	"-2"	"1"
"1982"	"OPP"	""	"110"	"110"	"11"	"-2"	"1"
"1982"	"POL"	""	"110"	"110"	"11"	"-2"	"1"
"1982"	"POL"	"GOVMIL"	"110"	"110"	"11"	"-2"	"2"
"1982"	"RUS"	""	"110"	"110"	"11"	"-2"	"1"
"1982"	"SAU"	""	"110"	"110"	"11"	"-2"	"2"
"1982"	"USA"	"GOV"	"110"	"110"	"11"	"-2"	"1"
"1982"	"ETH"	""	"110"	"110"	"11"	"-2"	"1"
"1982"	"GHA"	"LEG"	"110"	"110"	"11"	"-2"	"3"
"1982"	"GOV"	"COP"	"110"	"110"	"11"	"-2"	"1"
"1982"	"GOV"	"EGYELIGOV"	"110"	"110"	"11"	"-2"	"3"
"1982"	"PAK"	""	"110"	"110"	"11"	"-2"	"1"
"1982"	"RUS"	"REF"	"110"	"110"	"11"	"-2"	"2"
"1982"	"SAUELI"	""	"110"	"110"	"11"	"-2"	"1"
"1982"	"TWN"	""	"110"	"110"	"11"	"-2"	"1"
"1982"	"USA"	""	"110"	"110"	"11"	"-2"	"2"
"1982"	"USA"	"BUS"	"110"	"110"	"11"	"-2"	"1"
"1982"	"USA"	"CHN"	"110"	"110"	"11"	"-2"	"2"
"1982"	"USA"	"TWN"	"110"	"110"	"11"	"-2"	"2"
"1982"	"ALB"	""	"110"	"110"	"11"	"-2"	"1"
"1982"	"CHN"	"GOV"	"110"	"110"	"11"	"-2"	"1"
"1982"	"EGY"	"EGYGOV"	"110"	"110"	"11"	"-2"	"1"
"1982"	"EGY"	"GOV"	"110"	"110"	"11"	"-2"	"1"
"1982"	"EGYGOV"	"EGYGOV"	"110"	"110"	"11"	"-2"	"3"
"1982"	"EUR"	"POL"	"110"	"110"	"11"	"-2"	"2"
"1982"	"EUR"	"RUS"	"110"	"110"	"11"	"-2"	"1"
"1982"	"GHA"	"GHAELIGOV"	"110"	"110"	"11"	"-2"	"1"
"1982"	"JPN"	""	"110"	"110"	"11"	"-2"	"1"
"1982"	"MED"	"PGS"	"110"	"110"	"11"	"-2"	"1"
"1982"	"POLMIL"	"GOV"	"110"	"110"	"11"	"-2"	"2"
"1982"	""	"COP"	"111"	"111"	"11"	"-2"	"1"
"1982"	""	"REB"	"111"	"111"	"11"	"-2"	"1"
"1982"	"GBR"	"COP"	"111"	"111"	"11"	"-2"	"1"
"1982"	"LEG"	"GOV"	"111"	"111"	"11"	"-2"	"1"
"1982"	"MED"	"LEG"	"111"	"111"	"11"	"-2"	"1"
"1982"	"MIL"	"GOV"	"111"	"111"	"11"	"-2"	"2"
"1982"	"SAU"	"USA"	"111"	"111"	"11"	"-2"	"1"
"1982"	"SAUGOV"	"USA"	"111"	"111"	"11"	"-2"	"2"
"1982"	"SLV"	"REB"	"111"	"111"	"11"	"-2"	"2"
"1982"	"THA"	"KHM"	"111"	"111"	"11"	"-2"	"1"
"1982"	"USA"	""	"111"	"111"	"11"	"-2"	"3"
"1982"	""	"GBR"	"111"	"111"	"11"	"-2"	"1"
"1982"	"CVL"	"GOV"	"111"	"111"	"11"	"-2"	"2"
"1982"	"GOV"	"MOS"	"111"	"111"	"11"	"-2"	"1"
"1982"	"IND"	"MIL"	"111"	"111"	"11"	"-2"	"1"
"1982"	"IND"	"RUSMIL"	"111"	"111"	"11"	"-2"	"1"
"1982"	"KHM"	"THA"	"111"	"111"	"11"	"-2"	"1"
"1982"	"KHM"	"THAMIL"	"111"	"111"	"11"	"-2"	"1"
"1982"	"CHRCTH"	"POL"	"111"	"111"	"11"	"-2"	"1"
"1982"	"CHRCTH"	"POLREL"	"111"	"111"	"11"	"-2"	"1"
"1982"	"CHRCTH"	"REL"	"111"	"111"	"11"	"-2"	"1"
"1982"	"GOV"	""	"111"	"111"	"11"	"-2"	"3"
"1982"	"IDN"	"JUD"	"111"	"111"	"11"	"-2"	"1"
"1982"	"LAB"	"EDU"	"111"	"111"	"11"	"-2"	"1"
"1982"	"MIL"	"MILMED"	"111"	"111"	"11"	"-2"	"1"
"1982"	"POL"	"GOV"	"111"	"111"	"11"	"-2"	"1"
"1982"	"POL"	"POLGOV"	"111"	"111"	"11"	"-2"	"1"
"1982"	"POLGOV"	""	"111"	"111"	"11"	"-2"	"1"
"1982"	"POLGOV"	"POL"	"111"	"111"	"11"	"-2"	"1"
"1982"	"AFR"	"GOV"	"112"	"112"	"11"	"-2"	"1"
"1982"	"GBR"	"IRL"	"112"	"112"	"11"	"-2"	"1"
"1982"	"GOV"	"MED"	"112"	"112"	"11"	"-2"	"1"
"1982"	"IRQ"	"SAU"	"112"	"112"	"11"	"-2"	"1"
"1982"	"SAU"	"ISR"	"112"	"112"	"11"	"-2"	"1"
"1982"	"SAUGOV"	"ISR"	"112"	"112"	"11"	"-2"	"1"
"1982"	"USA"	"MIL"	"112"	"112"	"11"	"-2"	"1"
"1982"	"USA"	"POL"	"112"	"112"	"11"	"-2"	"2"
"1982"	""	"GOV"	"112"	"112"	"11"	"-2"	"1"
"1982"	""	"NICGOV"	"112"	"112"	"11"	"-2"	"2"
"1982"	""	"POL"	"112"	"112"	"11"	"-2"	"1"
"1982"	"EGYELI"	""	"112"	"112"	"11"	"-2"	"1"
"1982"	"GOV"	"GBR"	"112"	"112"	"11"	"-2"	"2"
"1982"	"GOV"	"GBRMIL"	"112"	"112"	"11"	"-2"	"1"
"1982"	"GOV"	"LBY"	"112"	"112"	"11"	"-2"	"1"
"1982"	"GOV"	"USA"	"112"	"112"	"11"	"-2"	"1"
"1982"	"GOVJUD"	""	"112"	"112"	"11"	"-2"	"1"
"1982"	"ISR"	"GOV"	"112"	"112"	"11"	"-2"	"1"
"1982"	"MIL"	"GOV"	"112"	"112"	"11"	"-2"	"1"
"1982"	"MIL"	"RAD"	"112"	"112"	"11"	"-2"	"1"
"1982"	"MOS"	"MOSSHI"	"112"	"112"	"11"	"-2"	"2"
"1982"	"POL"	""	"112"	"112"	"11"	"-2"	"3"
"1982"	"PSE"	"ISR"	"112"	"112"	"11"	"-2"	"1"
"1982"	"SAU"	"GOV"	"112"	"112"	"11"	"-2"	"1"
"1982"	"SAUGOV"	"SAU"	"112"	"112"	"11"	"-2"	"1"
"1982"	"USA"	"CHN"	"112"	"112"	"11"	"-2"	"2"
"1982"	"USA"	"CUB"	"112"	"112"	"11"	"-2"	"2"
"1982"	"USA"	"HTI"	"112"	"112"	"11"	"-2"	"1"
"1982"	"USACRM"	"CUB"	"112"	"112"	"11"	"-2"	"2"
"1982"	"USACRM"	"HTI"	"112"	"112"	"11"	"-2"	"2"
"1982"	"USAMED"	"IRN"	"112"	"112"	"11"	"-2"	"1"
"1982"	"VNM"	"THA"	"112"	"112"	"11"	"-2"	"1"
"1982"	""	"EGY"	"112"	"112"	"11"	"-2"	"1"
"1982"	""	"LAB"	"112"	"112"	"11"	"-2"	"1"
"1982"	"COP"	"OPP"	"112"	"112"	"11"	"-2"	"1"
"1982"	"CRM"	"JPN"	"112"	"112"	"11"	"-2"	"2"
"1982"	"EGYGOV"	"GOV"	"112"	"112"	"11"	"-2"	"1"
"1982"	"FIN"	"GOV"	"112"	"112"	"11"	"-2"	"1"
"1982"	"GHA"	"LBN"	"112"	"112"	"11"	"-2"	"1"
"1982"	"GHA"	"SYR"	"112"	"112"	"11"	"-2"	"1"
"1982"	"GOV"	""	"112"	"112"	"11"	"-2"	"1"
"1982"	"GOV"	"CUB"	"112"	"112"	"11"	"-2"	"2"
"1982"	"GOV"	"DEU"	"112"	"112"	"11"	"-2"	"1"
"1982"	"GOV"	"NIC"	"112"	"112"	"11"	"-2"	"3"
"1982"	"GOV"	"RUS"	"112"	"112"	"11"	"-2"	"1"
"1982"	"GOV"	"SLV"	"112"	"112"	"11"	"-2"	"2"
"1982"	"HLH"	"JUD"	"112"	"112"	"11"	"-2"	"1"
"1982"	"IRQ"	"ISR"	"112"	"112"	"11"	"-2"	"2"
"1982"	"VNM"	"CVL"	"112"	"112"	"11"	"-2"	"1"
"1982"	"CHN"	"USA"	"1123"	"112"	"11"	"-2"	"1"
"1982"	"IRN"	"IRQ"	"1123"	"112"	"11"	"-2"	"2"
"1982"	"IRQ"	"IRN"	"1123"	"112"	"11"	"-2"	"2"
"1982"	"CVL"	"NGOHRI"	"1124"	"112"	"11"	"-2"	"1"
"1982"	"NGOHRI"	"SLV"	"1124"	"112"	"11"	"-2"	"2"
"1982"	"NGOHRI"	"SLVMIL"	"1124"	"112"	"11"	"-2"	"2"
"1982"	"SLV"	"REB"	"1124"	"112"	"11"	"-2"	"1"
"1982"	""	"JPN"	"1124"	"112"	"11"	"-2"	"1"
"1982"	"JUD"	"BUS"	"113"	"113"	"11"	"-2"	"1"
"1982"	"USAGOV"	"POL"	"114"	"114"	"11"	"-2"	"1"
"1982"	"BUS"	""	"114"	"114"	"11"	"-2"	"1"
"1982"	"GOV"	"USA"	"114"	"114"	"11"	"-2"	"1"
"1982"	"IRN"	"BUS"	"114"	"114"	"11"	"-2"	"1"
"1982"	"JUD"	""	"114"	"114"	"11"	"-2"	"2"
"1982"	"MED"	"USA"	"114"	"114"	"11"	"-2"	"1"
"1982"	"PAN"	""	"114"	"114"	"11"	"-2"	"1"
"1982"	"TZA"	"CVL"	"114"	"114"	"11"	"-2"	"1"
"1982"	"USAMIL"	"SDN"	"114"	"114"	"11"	"-2"	"2"
"1982"	"COP"	"USACVL"	"114"	"114"	"11"	"-2"	"3"
"1982"	"ISRGOV"	"ISRSET"	"114"	"114"	"11"	"-2"	"1"
"1982"	"CHR"	""	"115"	"115"	"11"	"-2"	"1"
"1982"	"EGY"	""	"115"	"115"	"11"	"-2"	"1"
"1982"	"EGY"	"CHR"	"115"	"115"	"11"	"-2"	"1"
"1982"	""	"CHN"	"120"	"120"	"12"	"-4"	"2"
"1982"	""	"CHNGOV"	"120"	"120"	"12"	"-4"	"2"
"1982"	"AGR"	""	"120"	"120"	"12"	"-4"	"1"
"1982"	"BUS"	"JUD"	"120"	"120"	"12"	"-4"	"1"
"1982"	"CHNGOV"	"CHN"	"120"	"120"	"12"	"-4"	"1"
"1982"	"CVL"	"CAN"	"120"	"120"	"12"	"-4"	"1"
"1982"	"GBR"	"GHA"	"120"	"120"	"12"	"-4"	"1"
"1982"	"GHA"	""	"120"	"120"	"12"	"-4"	"1"
"1982"	"GHA"	"GBR"	"120"	"120"	"12"	"-4"	"1"
"1982"	"GOVLAB"	""	"120"	"120"	"12"	"-4"	"1"
"1982"	"ISR"	""	"120"	"120"	"12"	"-4"	"3"
"1982"	"ISRUAF"	"OPP"	"120"	"120"	"12"	"-4"	"1"
"1982"	"MIL"	"POL"	"120"	"120"	"12"	"-4"	"1"
"1982"	"POL"	""	"120"	"120"	"12"	"-4"	"1"
"1982"	"POL"	"CAN"	"120"	"120"	"12"	"-4"	"1"
"1982"	"POL"	"POLMIL"	"120"	"120"	"12"	"-4"	"2"
"1982"	"POLMIL"	""	"120"	"120"	"12"	"-4"	"1"
"1982"	"SDNGOV"	"ISR"	"120"	"120"	"12"	"-4"	"2"
"1982"	"USA"	""	"120"	"120"	"12"	"-4"	"2"
"1982"	"USA"	"CHN"	"120"	"120"	"12"	"-4"	"1"
"1982"	"USAAGR"	""	"120"	"120"	"12"	"-4"	"1"
"1982"	"SDN"	"ISR"	"120"	"120"	"12"	"-4"	"2"
"1982"	"BUS"	""	"120"	"120"	"12"	"-4"	"1"
"1982"	"CAN"	"GOV"	"120"	"120"	"12"	"-4"	"1"
"1982"	"CAN"	"RUS"	"120"	"120"	"12"	"-4"	"3"
"1982"	"CAN"	"USA"	"120"	"120"	"12"	"-4"	"1"
"1982"	"CVL"	"USA"	"120"	"120"	"12"	"-4"	"1"
"1982"	"EGYELI"	"ISR"	"120"	"120"	"12"	"-4"	"1"
"1982"	"ESP"	""	"120"	"120"	"12"	"-4"	"2"
"1982"	"IRQ"	"IRQGOV"	"120"	"120"	"12"	"-4"	"1"
"1982"	"IRQGOV"	"IRQGOV"	"120"	"120"	"12"	"-4"	"1"
"1982"	"LBN"	""	"120"	"120"	"12"	"-4"	"1"
"1982"	"MED"	"EURMIL"	"120"	"120"	"12"	"-4"	"1"
"1982"	"MOS"	""	"120"	"120"	"12"	"-4"	"1"
"1982"	"PAK"	""	"120"	"120"	"12"	"-4"	"2"
"1982"	"POL"	"BUS"	"120"	"120"	"12"	"-4"	"2"
"1982"	"POL"	"GOVMIL"	"120"	"120"	"12"	"-4"	"1"
"1982"	"POLGOV"	"GOVMIL"	"120"	"120"	"12"	"-4"	"1"
"1982"	"PSE"	"REB"	"120"	"120"	"12"	"-4"	"2"
"1982"	"THA"	"CHN"	"120"	"120"	"12"	"-4"	"1"
"1982"	"USA"	"EURMIL"	"120"	"120"	"12"	"-4"	"1"
"1982"	"USA"	"GBR"	"120"	"120"	"12"	"-4"	"3"
"1982"	"USA"	"GOVMIL"	"120"	"120"	"12"	"-4"	"1"
"1982"	"USA"	"JUD"	"120"	"120"	"12"	"-4"	"1"
"1982"	"USA"	"RUS"	"120"	"120"	"12"	"-4"	"1"
"1982"	"CRM"	"JPN"	"120"	"120"	"12"	"-4"	"2"
"1982"	"CVL"	""	"120"	"120"	"12"	"-4"	"1"
"1982"	"CVL"	"LAB"	"120"	"120"	"12"	"-4"	"1"
"1982"	"DEU"	"LAB"	"120"	"120"	"12"	"-4"	"1"
"1982"	"DZA"	"ISR"	"120"	"120"	"12"	"-4"	"3"
"1982"	"DZA"	"PSE"	"120"	"120"	"12"	"-4"	"1"
"1982"	"GBR"	""	"120"	"120"	"12"	"-4"	"1"
"1982"	"GBR"	"GOV"	"120"	"120"	"12"	"-4"	"1"
"1982"	"GBR"	"RUS"	"120"	"120"	"12"	"-4"	"1"
"1982"	"GOV"	"POLMIL"	"120"	"120"	"12"	"-4"	"1"
"1982"	"GOV"	"RUS"	"120"	"120"	"12"	"-4"	"1"
"1982"	"IRQ"	""	"120"	"120"	"12"	"-4"	"1"
"1982"	"IRQ"	"IRN"	"120"	"120"	"12"	"-4"	"1"
"1982"	"IRQ"	"ISR"	"120"	"120"	"12"	"-4"	"3"
"1982"	"IRQ"	"PSE"	"120"	"120"	"12"	"-4"	"1"
"1982"	"ISR"	"EUR"	"120"	"120"	"12"	"-4"	"1"
"1982"	"ISR"	"JEW"	"120"	"120"	"12"	"-4"	"2"
"1982"	"LBY"	"ISR"	"120"	"120"	"12"	"-4"	"3"
"1982"	"LBY"	"PSE"	"120"	"120"	"12"	"-4"	"1"
"1982"	"MIL"	"REB"	"120"	"120"	"12"	"-4"	"1"
"1982"	"MIL"	"RUS"	"120"	"120"	"12"	"-4"	"1"
"1982"	""	"POL"	"124"	"124"	"12"	"-4"	"1"
"1982"	"POLCOP"	"POL"	"124"	"124"	"12"	"-4"	"1"
"1982"	""	"IRL"	"124"	"124"	"12"	"-4"	"1"
"1982"	""	"IRL"	"1243"	"124"	"12"	"-4"	"1"
"1982"	"PSE"	"ISR"	"1246"	"124"	"12"	"-4"	"2"
"1982"	"SYR"	""	"125"	"125"	"12"	"-5"	"1"
"1982"	"GOV"	""	"128"	"128"	"12"	"-5"	"1"
"1982"	"GOV"	"USA"	"128"	"128"	"12"	"-5"	"2"
"1982"	"USA"	"IGOUNO"	"129"	"129"	"12"	"-5"	"1"
"1982"	"CHN"	"USA"	"130"	"130"	"13"	"-4.4"	"2"
"1982"	"GOV"	""	"130"	"130"	"13"	"-4.4"	"1"
"1982"	"ISRUAF"	"OPP"	"130"	"130"	"13"	"-4.4"	"1"
"1982"	"REB"	"GOV"	"130"	"130"	"13"	"-4.4"	"1"
"1982"	"USA"	""	"130"	"130"	"13"	"-4.4"	"1"
"1982"	"GBR"	"MED"	"130"	"130"	"13"	"-4.4"	"1"
"1982"	"ISR"	""	"130"	"130"	"13"	"-4.4"	"2"
"1982"	"ISR"	"SYR"	"130"	"130"	"13"	"-4.4"	"2"
"1982"	"ISRGOV"	""	"130"	"130"	"13"	"-4.4"	"1"
"1982"	"USAELI"	"USA"	"130"	"130"	"13"	"-4.4"	"1"
"1982"	"DEU"	"IGOWSTNAT"	"130"	"130"	"13"	"-4.4"	"1"
"1982"	"GHA"	"MIL"	"130"	"130"	"13"	"-4.4"	"1"
"1982"	"JUD"	""	"130"	"130"	"13"	"-4.4"	"1"
"1982"	"MIL"	"GHA"	"130"	"130"	"13"	"-4.4"	"1"
"1982"	"POL"	""	"130"	"130"	"13"	"-4.4"	"1"
"1982"	"POL"	"OPP"	"130"	"130"	"13"	"-4.4"	"1"
"1982"	"USA"	"HLH"	"131"	"131"	"13"	"-5.8"	"1"
"1982"	"EUR"	"RUS"	"1312"	"131"	"13"	"-5.8"	"1"
"1982"	"EUR"	"USA"	"1312"	"131"	"13"	"-5.8"	"1"
"1982"	"CAN"	"POL"	"1312"	"131"	"13"	"-5.8"	"1"
"1982"	"CAN"	"RUS"	"1312"	"131"	"13"	"-5.8"	"1"
"1982"	"CAN"	""	"138"	"138"	"13"	"-7"	"1"
"1982"	"CHRCTH"	"AUT"	"138"	"138"	"13"	"-7"	"1"
"1982"	"ITA"	""	"138"	"138"	"13"	"-7"	"2"
"1982"	"POLGOV"	"POL"	"138"	"138"	"13"	"-7"	"2"
"1982"	"SYR"	"IRQ"	"138"	"138"	"13"	"-7"	"1"
"1982"	"CHN"	"MIL"	"138"	"138"	"13"	"-7"	"2"
"1982"	"CHN"	"TWN"	"138"	"138"	"13"	"-7"	"2"
"1982"	"POL"	""	"138"	"138"	"13"	"-7"	"1"
"1982"	"POL"	"POLGOVMIL"	"138"	"138"	"13"	"-7"	"1"
"1982"	"POLGOVMIL"	""	"138"	"138"	"13"	"-7"	"1"
"1982"	"BUS"	"POL"	"1383"	"138"	"13"	"-7"	"1"
"1982"	"SLV"	"SLVMIL"	"1384"	"138"	"13"	"-7"	"2"
"1982"	"SLVMIL"	"SLV"	"1384"	"138"	"13"	"-7"	"1"
"1982"	"ISR"	"PSE"	"140"	"140"	"14"	"-6.5"	"3"
"1982"	"GOV"	"KNAELI"	"141"	"141"	"14"	"-6.5"	"1"
"1982"	"JUD"	"BUS"	"141"	"141"	"14"	"-6.5"	"1"
"1982"	"POL"	"MIL"	"141"	"141"	"14"	"-6.5"	"2"
"1982"	"ITA"	"GOV"	"141"	"141"	"14"	"-6.5"	"1"
"1982"	"JEW"	"PSE"	"141"	"141"	"14"	"-6.5"	"3"
"1982"	"MIL"	"OPP"	"141"	"141"	"14"	"-6.5"	"1"
"1982"	"AGR"	""	"141"	"141"	"14"	"-6.5"	"2"
"1982"	"LAB"	"POL"	"143"	"143"	"14"	"-6.5"	"1"
"1982"	"MOS"	""	"143"	"143"	"14"	"-6.5"	"1"
"1982"	"COP"	""	"145"	"145"	"14"	"-7.5"	"2"
"1982"	"GHA"	""	"145"	"145"	"14"	"-7.5"	"1"
"1982"	"MED"	""	"145"	"145"	"14"	"-7.5"	"1"
"1982"	"MIL"	""	"150"	"150"	"15"	"-7.2"	"1"
"1982"	"USA"	""	"150"	"150"	"15"	"-7.2"	"1"
"1982"	"USA"	"USAMIL"	"150"	"150"	"15"	"-7.2"	"1"
"1982"	"USAMIL"	"PGS"	"150"	"150"	"15"	"-7.2"	"1"
"1982"	"ISR"	"IRQ"	"150"	"150"	"15"	"-7.2"	"4"
"1982"	"ISRMIL"	"IRQ"	"150"	"150"	"15"	"-7.2"	"1"
"1982"	"ISR"	"MIL"	"154"	"154"	"15"	"-7.2"	"3"
"1982"	"MIL"	"POL"	"154"	"154"	"15"	"-7.2"	"4"
"1982"	"EGY"	"MIL"	"154"	"154"	"15"	"-7.2"	"1"
"1982"	"IGOUNO"	"ISR"	"160"	"160"	"16"	"-4"	"2"
"1982"	"LEG"	""	"160"	"160"	"16"	"-4"	"1"
"1982"	"MOSJUD"	"CHR"	"160"	"160"	"16"	"-4"	"1"
"1982"	"MOSJUD"	"EGY"	"160"	"160"	"16"	"-4"	"1"
"1982"	"CAN"	""	"160"	"160"	"16"	"-4"	"1"
"1982"	"ELIMIL"	"OPP"	"160"	"160"	"16"	"-4"	"1"
"1982"	"GBR"	"LBY"	"160"	"160"	"16"	"-4"	"1"
"1982"	"RUS"	"BUS"	"160"	"160"	"16"	"-4"	"1"
"1982"	"GOV"	""	"160"	"160"	"16"	"-4"	"1"
"1982"	"GOVMIL"	""	"160"	"160"	"16"	"-4"	"1"
"1982"	"IRQ"	"EGY"	"160"	"160"	"16"	"-4"	"1"
"1982"	"ISRGOV"	"EGY"	"160"	"160"	"16"	"-4"	"2"
"1982"	"GOV"	"IRNGOV"	"161"	"161"	"16"	"-4"	"2"
"1982"	"GOV"	"ISR"	"161"	"161"	"16"	"-4"	"2"
"1982"	"IRQ"	"IRN"	"161"	"161"	"16"	"-4"	"1"
"1982"	"LBY"	"IRN"	"161"	"161"	"16"	"-4"	"1"
"1982"	"RUS"	"USA"	"161"	"161"	"16"	"-4"	"2"
"1982"	"SAU"	"LBY"	"161"	"161"	"16"	"-4"	"1"
"1982"	"SAUGOV"	"LBY"	"161"	"161"	"16"	"-4"	"2"
"1982"	"USA"	"RUS"	"161"	"161"	"16"	"-4"	"2"
"1982"	"BUS"	"GOV"	"161"	"161"	"16"	"-4"	"1"
"1982"	"ITA"	"GOV"	"161"	"161"	"16"	"-4"	"1"
"1982"	"RUS"	""	"161"	"161"	"16"	"-4"	"2"
"1982"	"GOV"	""	"163"	"163"	"16"	"-8"	"2"
"1982"	"MED"	"POL"	"163"	"163"	"16"	"-8"	"2"
"1982"	"POL"	"GOV"	"163"	"163"	"16"	"-8"	"1"
"1982"	"POL"	"RUS"	"163"	"163"	"16"	"-8"	"2"
"1982"	"USA"	"GOV"	"163"	"163"	"16"	"-8"	"3"
"1982"	"GOV"	"AFG"	"163"	"163"	"16"	"-8"	"1"
"1982"	"USA"	"IRNGOV"	"163"	"163"	"16"	"-8"	"1"
"1982"	"DEU"	""	"163"	"163"	"16"	"-8"	"1"
"1982"	"DEU"	"USA"	"163"	"163"	"16"	"-8"	"1"
"1982"	"FIN"	"POL"	"163"	"163"	"16"	"-8"	"3"
"1982"	"FRA"	"USA"	"163"	"163"	"16"	"-8"	"1"
"1982"	"GOV"	"USA"	"163"	"163"	"16"	"-8"	"2"
"1982"	""	"AGR"	"164"	"164"	"16"	"-7"	"1"
"1982"	"CHE"	"EUR"	"164"	"164"	"16"	"-7"	"1"
"1982"	"IRN"	"IRQ"	"164"	"164"	"16"	"-7"	"2"
"1982"	"IRQ"	"IRN"	"164"	"164"	"16"	"-7"	"2"
"1982"	"IRQ"	"SYR"	"164"	"164"	"16"	"-7"	"2"
"1982"	"RUS"	""	"164"	"164"	"16"	"-7"	"1"
"1982"	"SYR"	"IRQ"	"164"	"164"	"16"	"-7"	"2"
"1982"	"EUR"	""	"164"	"164"	"16"	"-7"	"1"
"1982"	"GOV"	""	"164"	"164"	"16"	"-7"	"2"
"1982"	"GOV"	"RUS"	"164"	"164"	"16"	"-7"	"2"
"1982"	"IRQ"	"MAR"	"164"	"164"	"16"	"-7"	"1"
"1982"	"CHRRAD"	"MOS"	"170"	"170"	"17"	"-7"	"1"
"1982"	"EGY"	"CHRRAD"	"170"	"170"	"17"	"-7"	"1"
"1982"	"EGY"	"MOS"	"170"	"170"	"17"	"-7"	"1"
"1982"	"AFG"	"RUS"	"170"	"170"	"17"	"-7"	"1"
"1982"	"EDU"	"OPP"	"170"	"170"	"17"	"-7"	"1"
"1982"	"MED"	"OPP"	"170"	"170"	"17"	"-7"	"1"
"1982"	"CIV"	"GHA"	"171"	"171"	"17"	"-9.2"	"1"
"1982"	"CRM"	"ITA"	"171"	"171"	"17"	"-9.2"	"1"
"1982"	"CRM"	"POL"	"171"	"171"	"17"	"-9.2"	"1"
"1982"	"GOV"	""	"1711"	"171"	"17"	"-9.2"	"1"
"1982"	"ZWE"	"GOV"	"1711"	"171"	"17"	"-9.2"	"1"
"1982"	"EGY"	""	"1711"	"171"	"17"	"-9.2"	"1"
"1982"	"GOV"	"USA"	"1711"	"171"	"17"	"-9.2"	"1"
"1982"	"CHN"	""	"1712"	"171"	"17"	"-9.2"	"1"
"1982"	"LBN"	"IRQ"	"1712"	"171"	"17"	"-9.2"	"1"
"1982"	"LBN"	"IRQGOV"	"1712"	"171"	"17"	"-9.2"	"1"
"1982"	"MIL"	"HLH"	"1712"	"171"	"17"	"-9.2"	"1"
"1982"	"CIV"	"GHA"	"1712"	"171"	"17"	"-9.2"	"1"
"1982"	"TZA"	"CVL"	"1712"	"171"	"17"	"-9.2"	"1"
"1982"	"srd"	"COP"	"1712"	"171"	"17"	"-9.2"	"1"
"1982"	"ITA"	"COP"	"1712"	"171"	"17"	"-9.2"	"1"
"1982"	""	"CHREDU"	"172"	"172"	"17"	"-5"	"1"
"1982"	""	"EDUCHR"	"172"	"172"	"17"	"-5"	"1"
"1982"	"CHN"	"CHNGOV"	"172"	"172"	"17"	"-5"	"1"
"1982"	"CHN"	"GOV"	"172"	"172"	"17"	"-5"	"1"
"1982"	"LEG"	""	"172"	"172"	"17"	"-5"	"1"
"1982"	"MED"	"GOV"	"172"	"172"	"17"	"-5"	"1"
"1982"	"MED"	"POL"	"172"	"172"	"17"	"-5"	"2"
"1982"	"MED"	"RUS"	"172"	"172"	"17"	"-5"	"1"
"1982"	"POL"	""	"172"	"172"	"17"	"-5"	"1"
"1982"	"PTY"	"BOL"	"172"	"172"	"17"	"-5"	"1"
"1982"	"COP"	""	"172"	"172"	"17"	"-5"	"1"
"1982"	"GOV"	"POLGOV"	"172"	"172"	"17"	"-5"	"1"
"1982"	"MIL"	"BOL"	"172"	"172"	"17"	"-5"	"2"
"1982"	"RUS"	""	"172"	"172"	"17"	"-5"	"1"
"1982"	"USA"	""	"172"	"172"	"17"	"-5"	"2"
"1982"	"VAT"	"POL"	"172"	"172"	"17"	"-5"	"2"
"1982"	"VAT"	"POLLAB"	"172"	"172"	"17"	"-5"	"1"
"1982"	"BUS"	""	"172"	"172"	"17"	"-5"	"1"
"1982"	"EGY"	"JUD"	"172"	"172"	"17"	"-5"	"1"
"1982"	"GOV"	"EDU"	"172"	"172"	"17"	"-5"	"1"
"1982"	"GOV"	"MED"	"172"	"172"	"17"	"-5"	"1"
"1982"	"JUD"	""	"172"	"172"	"17"	"-5"	"1"
"1982"	"POL"	"GOV"	"172"	"172"	"17"	"-5"	"1"
"1982"	"MIL"	""	"1721"	"172"	"17"	"-5"	"3"
"1982"	"MIL"	""	"1723"	"172"	"17"	"-5"	"2"
"1982"	"MIL"	"SYR"	"1723"	"172"	"17"	"-5"	"2"
"1982"	"ISR"	"SYR"	"1723"	"172"	"17"	"-5"	"1"
"1982"	"POL"	""	"1724"	"172"	"17"	"-5"	"1"
"1982"	"POLGOV"	"POL"	"1724"	"172"	"17"	"-5"	"2"
"1982"	"RUS"	"POL"	"1724"	"172"	"17"	"-5"	"4"
"1982"	""	"COP"	"173"	"173"	"17"	"-5"	"1"
"1982"	""	"GOV"	"173"	"173"	"17"	"-5"	"1"
"1982"	""	"ISR"	"173"	"173"	"17"	"-5"	"1"
"1982"	"BHR"	"GOV"	"173"	"173"	"17"	"-5"	"1"
"1982"	"BHR"	"SAU"	"173"	"173"	"17"	"-5"	"2"
"1982"	"COP"	"LAB"	"173"	"173"	"17"	"-5"	"1"
"1982"	"COP"	"UGA"	"173"	"173"	"17"	"-5"	"1"
"1982"	"CVL"	"USA"	"173"	"173"	"17"	"-5"	"1"
"1982"	"CZE"	"FRA"	"173"	"173"	"17"	"-5"	"1"
"1982"	"EDU"	""	"173"	"173"	"17"	"-5"	"1"
"1982"	"EGY"	""	"173"	"173"	"17"	"-5"	"2"
"1982"	"FRA"	"GOV"	"173"	"173"	"17"	"-5"	"1"
"1982"	"HLH"	""	"173"	"173"	"17"	"-5"	"1"
"1982"	"HLH"	"USA"	"173"	"173"	"17"	"-5"	"1"
"1982"	"MOS"	"EGYGOV"	"173"	"173"	"17"	"-5"	"1"
"1982"	"RUS"	"BLR"	"173"	"173"	"17"	"-5"	"4"
"1982"	"SAU"	"GOV"	"173"	"173"	"17"	"-5"	"2"
"1982"	"USA"	"CRM"	"173"	"173"	"17"	"-5"	"2"
"1982"	"USA"	"DEU"	"173"	"173"	"17"	"-5"	"1"
"1982"	"USA"	"GMW"	"173"	"173"	"17"	"-5"	"1"
"1982"	"USAMIL"	"GMW"	"173"	"173"	"17"	"-5"	"1"
"1982"	"AUT"	"CZE"	"173"	"173"	"17"	"-5"	"1"
"1982"	"COP"	""	"173"	"173"	"17"	"-5"	"3"
"1982"	"IRN"	"BHRGOV"	"173"	"173"	"17"	"-5"	"1"
"1982"	"ISR"	"PSEREB"	"173"	"173"	"17"	"-5"	"1"
"1982"	"LEG"	""	"173"	"173"	"17"	"-5"	"2"
"1982"	"MED"	""	"173"	"173"	"17"	"-5"	"1"
"1982"	"OPP"	""	"173"	"173"	"17"	"-5"	"1"
"1982"	"POL"	"COP"	"173"	"173"	"17"	"-5"	"1"
"1982"	"POL"	"POLELI"	"173"	"173"	"17"	"-5"	"1"
"1982"	"POLELI"	"POL"	"173"	"173"	"17"	"-5"	"1"
"1982"	"QAT"	"BHR"	"173"	"173"	"17"	"-5"	"2"
"1982"	"USAGOV"	"USA"	"173"	"173"	"17"	"-5"	"2"
"1982"	""	"CHN"	"173"	"173"	"17"	"-5"	"1"
"1982"	""	"GBR"	"173"	"173"	"17"	"-5"	"1"
"1982"	""	"POL"	"173"	"173"	"17"	"-5"	"1"
"1982"	"AFR"	"CRM"	"173"	"173"	"17"	"-5"	"2"
"1982"	"CHN"	""	"173"	"173"	"17"	"-5"	"1"
"1982"	"CHNCOP"	""	"173"	"173"	"17"	"-5"	"1"
"1982"	"CIV"	"GHA"	"173"	"173"	"17"	"-5"	"1"
"1982"	"CIVGOV"	"GHA"	"173"	"173"	"17"	"-5"	"1"
"1982"	"COP"	"ITA"	"173"	"173"	"17"	"-5"	"3"
"1982"	"COPMED"	"IRL"	"173"	"173"	"17"	"-5"	"1"
"1982"	"CRM"	"UAF"	"173"	"173"	"17"	"-5"	"1"
"1982"	"GBR"	"CRM"	"173"	"173"	"17"	"-5"	"1"
"1982"	"GHA"	"CIV"	"173"	"173"	"17"	"-5"	"1"
"1982"	"GHA"	"CIVGOV"	"173"	"173"	"17"	"-5"	"1"
"1982"	"GOV"	""	"173"	"173"	"17"	"-5"	"2"
"1982"	"GOVJUD"	"USA"	"173"	"173"	"17"	"-5"	"1"
"1982"	"IRL"	"GBR"	"173"	"173"	"17"	"-5"	"2"
"1982"	"ITA"	"USA"	"173"	"173"	"17"	"-5"	"1"
"1982"	"LEG"	"AFR"	"173"	"173"	"17"	"-5"	"2"
"1982"	"LEG"	"ISR"	"173"	"173"	"17"	"-5"	"1"
"1982"	"LEG"	"ZAF"	"173"	"173"	"17"	"-5"	"2"
"1982"	"MILJUD"	""	"173"	"173"	"17"	"-5"	"1"
"1982"	"POL"	"GOV"	"173"	"173"	"17"	"-5"	"1"
"1982"	"POL"	"REL"	"173"	"173"	"17"	"-5"	"1"
"1982"	"EGY"	"CHR"	"174"	"174"	"17"	"-5"	"1"
"1982"	"EGY"	"REL"	"174"	"174"	"17"	"-5"	"1"
"1982"	"GOV"	"PSE"	"174"	"174"	"17"	"-5"	"1"
"1982"	"POL"	"CAN"	"174"	"174"	"17"	"-5"	"1"
"1982"	"USA"	"IRLREB"	"174"	"174"	"17"	"-5"	"1"
"1982"	"USA"	"MIL"	"174"	"174"	"17"	"-5"	"1"
"1982"	""	"MED"	"175"	"175"	"17"	"-9"	"1"
"1982"	"MED"	"EGY"	"175"	"175"	"17"	"-9"	"1"
"1982"	"MED"	"PTY"	"175"	"175"	"17"	"-9"	"1"
"1982"	"MOS"	"MED"	"175"	"175"	"17"	"-9"	"1"
"1982"	"CAN"	""	"180"	"180"	"18"	"-9"	"3"
"1982"	"COP"	""	"180"	"180"	"18"	"-9"	"1"
"1982"	"DMA"	"COP"	"180"	"180"	"18"	"-9"	"1"
"1982"	"GBR"	"GHAELIGOV"	"180"	"180"	"18"	"-9"	"1"
"1982"	"GBRMED"	"GHAELIGOV"	"180"	"180"	"18"	"-9"	"1"
"1982"	"GOVMIL"	"GHA"	"180"	"180"	"18"	"-9"	"1"
"1982"	"OPP"	""	"180"	"180"	"18"	"-9"	"1"
"1982"	"UAF"	"EGY"	"180"	"180"	"18"	"-9"	"1"
"1982"	"CVLGOV"	"GHAELIGOV"	"180"	"180"	"18"	"-9"	"1"
"1982"	"MIL"	"VNM"	"180"	"180"	"18"	"-9"	"1"
"1982"	"NIC"	"RUS"	"180"	"180"	"18"	"-9"	"1"
"1982"	"REB"	"VNM"	"180"	"180"	"18"	"-9"	"1"
"1982"	"UAF"	""	"180"	"180"	"18"	"-9"	"1"
"1982"	"UAF"	"RUS"	"180"	"180"	"18"	"-9"	"1"
"1982"	""	"GOVMIL"	"180"	"180"	"18"	"-9"	"1"
"1982"	"LBN"	"LBY"	"180"	"180"	"18"	"-9"	"2"
"1982"	""	"ITA"	"181"	"181"	"18"	"-9"	"1"
"1982"	"ITA"	"UAF"	"181"	"181"	"18"	"-9"	"2"
"1982"	"ITA"	"USA"	"181"	"181"	"18"	"-9"	"1"
"1982"	"ITACOP"	"CRM"	"181"	"181"	"18"	"-9"	"1"
"1982"	"USA"	""	"181"	"181"	"18"	"-9"	"1"
"1982"	"USA"	"CRM"	"181"	"181"	"18"	"-9"	"2"
"1982"	"USA"	"EUR"	"181"	"181"	"18"	"-9"	"2"
"1982"	"USA"	"RUS"	"181"	"181"	"18"	"-9"	"1"
"1982"	"COP"	"USA"	"181"	"181"	"18"	"-9"	"1"
"1982"	"COP"	"USAMIL"	"181"	"181"	"18"	"-9"	"1"
"1982"	"ITA"	"ITAELIGOV"	"181"	"181"	"18"	"-9"	"1"
"1982"	"ITAGOV"	"ITAELIGOV"	"181"	"181"	"18"	"-9"	"1"
"1982"	"REBCRM"	"ITAPTY"	"181"	"181"	"18"	"-9"	"1"
"1982"	""	"GOV"	"181"	"181"	"18"	"-9"	"1"
"1982"	"COP"	"DMA"	"182"	"182"	"18"	"-9.5"	"1"
"1982"	"ISR"	""	"182"	"182"	"18"	"-9.5"	"2"
"1982"	"HLH"	"USA"	"182"	"182"	"18"	"-9.5"	"1"
"1982"	"GOV"	""	"1822"	"182"	"18"	"-9"	"1"
"1982"	"COP"	"USACVL"	"1822"	"182"	"18"	"-9"	"1"
"1982"	"MIL"	""	"183"	"183"	"18"	"-10"	"1"
"1982"	""	"COP"	"1832"	"183"	"18"	"-10"	"1"
"1982"	"IRL"	"COP"	"1832"	"183"	"18"	"-10"	"1"
"1982"	"MOS"	"EGYGOV"	"186"	"186"	"18"	"-10"	"1"
"1982"	""	"GOV"	"186"	"186"	"18"	"-10"	"3"
"1982"	"GOV"	"EGY"	"186"	"186"	"18"	"-10"	"2"
"1982"	"GOV"	"IRN"	"186"	"186"	"18"	"-10"	"1"
"1982"	"IRN"	"BHR"	"186"	"186"	"18"	"-10"	"1"
"1982"	"IRN"	"GOV"	"186"	"186"	"18"	"-10"	"1"
"1982"	""	"ISR"	"186"	"186"	"18"	"-10"	"3"
"1982"	"EDU"	"OPP"	"186"	"186"	"18"	"-10"	"1"
"1982"	"EGY"	"MOSRAD"	"186"	"186"	"18"	"-10"	"1"
"1982"	"EGYGOV"	"EGYGOV"	"186"	"186"	"18"	"-10"	"1"
"1982"	"GOV"	"GOVGOV"	"186"	"186"	"18"	"-10"	"1"
"1982"	"JORELI"	"EGY"	"186"	"186"	"18"	"-10"	"1"
"1982"	"JORELI"	"MOSRAD"	"186"	"186"	"18"	"-10"	"1"
"1982"	"MED"	"OPP"	"186"	"186"	"18"	"-10"	"1"
"1982"	""	"COP"	"190"	"190"	"19"	"-10"	"2"
"1982"	""	"EGY"	"190"	"190"	"19"	"-10"	"1"
"1982"	""	"ITA"	"190"	"190"	"19"	"-10"	"2"
"1982"	""	"MIL"	"190"	"190"	"19"	"-10"	"1"
"1982"	""	"POLJUD"	"190"	"190"	"19"	"-10"	"1"
"1982"	""	"SYR"	"190"	"190"	"19"	"-10"	"1"
"1982"	"AFR"	""	"190"	"190"	"19"	"-10"	"1"
"1982"	"AFR"	"ZAF"	"190"	"190"	"19"	"-10"	"1"
"1982"	"AFRMIL"	"AGO"	"190"	"190"	"19"	"-10"	"1"
"1982"	"AGO"	"CUB"	"190"	"190"	"19"	"-10"	"1"
"1982"	"AGOSEP"	"AGO"	"190"	"190"	"19"	"-10"	"3"
"1982"	"AGOSEP"	"CVL"	"190"	"190"	"19"	"-10"	"1"
"1982"	"BUS"	"JOR"	"190"	"190"	"19"	"-10"	"1"
"1982"	"CHN"	"CVL"	"190"	"190"	"19"	"-10"	"2"
"1982"	"COP"	""	"190"	"190"	"19"	"-10"	"1"
"1982"	"COP"	"IRL"	"190"	"190"	"19"	"-10"	"1"
"1982"	"CVLGOV"	"GHA"	"190"	"190"	"19"	"-10"	"1"
"1982"	"EGYMIL"	"EGY"	"190"	"190"	"19"	"-10"	"1"
"1982"	"GOV"	"COP"	"190"	"190"	"19"	"-10"	"2"
"1982"	"GOV"	"DMA"	"190"	"190"	"19"	"-10"	"1"
"1982"	"GOV"	"DMACOP"	"190"	"190"	"19"	"-10"	"1"
"1982"	"ISR"	""	"190"	"190"	"19"	"-10"	"2"
"1982"	"ISR"	"ISRSET"	"190"	"190"	"19"	"-10"	"2"
"1982"	"ISRBUS"	"JOR"	"190"	"190"	"19"	"-10"	"1"
"1982"	"ISRGOV"	"ISRGOV"	"190"	"190"	"19"	"-10"	"1"
"1982"	"MIL"	"AGO"	"190"	"190"	"19"	"-10"	"2"
"1982"	"MIL"	"BUS"	"190"	"190"	"19"	"-10"	"1"
"1982"	"OPP"	"GHAELIGOV"	"190"	"190"	"19"	"-10"	"2"
"1982"	"PSE"	"ISR"	"190"	"190"	"19"	"-10"	"5"
"1982"	"RUS"	""	"190"	"190"	"19"	"-10"	"1"
"1982"	"SYR"	""	"190"	"190"	"19"	"-10"	"1"
"1982"	"USA"	""	"190"	"190"	"19"	"-10"	"1"
"1982"	"USA"	"GOV"	"190"	"190"	"19"	"-10"	"1"
"1982"	"ZAF"	"AGO"	"190"	"190"	"19"	"-10"	"1"
"1982"	"ZAFMIL"	"AGO"	"190"	"190"	"19"	"-10"	"1"
"1982"	""	"CAN"	"190"	"190"	"19"	"-10"	"4"
"1982"	""	"ISR"	"190"	"190"	"19"	"-10"	"1"
"1982"	""	"REB"	"190"	"190"	"19"	"-10"	"2"
"1982"	""	"UAF"	"190"	"190"	"19"	"-10"	"1"
"1982"	""	"VNM"	"190"	"190"	"19"	"-10"	"1"
"1982"	"CHNMED"	"CVL"	"190"	"190"	"19"	"-10"	"2"
"1982"	"CHNMED"	"VNM"	"190"	"190"	"19"	"-10"	"1"
"1982"	"CHNMED"	"VNMMIL"	"190"	"190"	"19"	"-10"	"1"
"1982"	"COP"	"OPP"	"190"	"190"	"19"	"-10"	"1"
"1982"	"COP"	"SAU"	"190"	"190"	"19"	"-10"	"1"
"1982"	"CRM"	"ITA"	"190"	"190"	"19"	"-10"	"1"
"1982"	"CVL"	"CHNMED"	"190"	"190"	"19"	"-10"	"1"
"1982"	"ETH"	"UAF"	"190"	"190"	"19"	"-10"	"1"
"1982"	"ETHMIL"	"UAF"	"190"	"190"	"19"	"-10"	"1"
"1982"	"GOVMIL"	"HND"	"190"	"190"	"19"	"-10"	"1"
"1982"	"GOVMIL"	"NIC"	"190"	"190"	"19"	"-10"	"4"
"1982"	"GTM"	"REL"	"190"	"190"	"19"	"-10"	"1"
"1982"	"IRQ"	"IRN"	"190"	"190"	"19"	"-10"	"2"
"1982"	"ISR"	"UAF"	"190"	"190"	"19"	"-10"	"1"
"1982"	"LBN"	"MOSSHI"	"190"	"190"	"19"	"-10"	"1"
"1982"	"MED"	""	"190"	"190"	"19"	"-10"	"1"
"1982"	"MIL"	"GHA"	"190"	"190"	"19"	"-10"	"1"
"1982"	"MIL"	"REB"	"190"	"190"	"19"	"-10"	"2"
"1982"	"MOSSHI"	"LBN"	"190"	"190"	"19"	"-10"	"1"
"1982"	"OPP"	"ERI"	"190"	"190"	"19"	"-10"	"1"
"1982"	"OPP"	"ERIREB"	"190"	"190"	"19"	"-10"	"1"
"1982"	"REB"	"IRNGOV"	"190"	"190"	"19"	"-10"	"2"
"1982"	"REB"	"MIL"	"190"	"190"	"19"	"-10"	"2"
"1982"	"REB"	"SLV"	"190"	"190"	"19"	"-10"	"5"
"1982"	"SAU"	"COP"	"190"	"190"	"19"	"-10"	"1"
"1982"	"SLV"	"REB"	"190"	"190"	"19"	"-10"	"1"
"1982"	"SYR"	"ISR"	"190"	"190"	"19"	"-10"	"1"
"1982"	"UAF"	""	"190"	"190"	"19"	"-10"	"1"
"1982"	"UAF"	"ISR"	"190"	"190"	"19"	"-10"	"1"
"1982"	"USA"	"CAN"	"190"	"190"	"19"	"-10"	"2"
"1982"	"USA"	"ITA"	"190"	"190"	"19"	"-10"	"1"
"1982"	"USA"	"SLV"	"190"	"190"	"19"	"-10"	"1"
"1982"	"USAGOV"	"IGOUNOLAB"	"190"	"190"	"19"	"-10"	"2"
"1982"	"VNM"	""	"190"	"190"	"19"	"-10"	"2"
"1982"	"VNM"	"CHNMED"	"190"	"190"	"19"	"-10"	"1"
"1982"	"srd"	"COP"	"190"	"190"	"19"	"-10"	"1"
"1982"	""	"CHN"	"190"	"190"	"19"	"-10"	"1"
"1982"	""	"GBR"	"190"	"190"	"19"	"-10"	"2"
"1982"	""	"NGOHRI"	"190"	"190"	"19"	"-10"	"1"
"1982"	""	"POL"	"190"	"190"	"19"	"-10"	"1"
"1982"	""	"USA"	"190"	"190"	"19"	"-10"	"2"
"1982"	"AFG"	""	"190"	"190"	"19"	"-10"	"1"
"1982"	"CAN"	""	"190"	"190"	"19"	"-10"	"2"
"1982"	"CHN"	""	"190"	"190"	"19"	"-10"	"1"
"1982"	"COPMED"	"IRL"	"190"	"190"	"19"	"-10"	"1"
"1982"	"CRM"	"GHA"	"190"	"190"	"19"	"-10"	"1"
"1982"	"CRM"	"LBN"	"190"	"190"	"19"	"-10"	"1"
"1982"	"CRM"	"MIL"	"190"	"190"	"19"	"-10"	"1"
"1982"	"CVL"	""	"190"	"190"	"19"	"-10"	"1"
"1982"	"CVL"	"GHA"	"190"	"190"	"19"	"-10"	"1"
"1982"	"GBR"	""	"190"	"190"	"19"	"-10"	"2"
"1982"	"GHA"	"GHACVL"	"190"	"190"	"19"	"-10"	"1"
"1982"	"GHACVL"	"GHA"	"190"	"190"	"19"	"-10"	"1"
"1982"	"GOV"	""	"190"	"190"	"19"	"-10"	"1"
"1982"	"GOV"	"ITA"	"190"	"190"	"19"	"-10"	"1"
"1982"	"GOV"	"dal"	"190"	"190"	"19"	"-10"	"1"
"1982"	"GOVMIL"	"CVL"	"190"	"190"	"19"	"-10"	"1"
"1982"	"GOVMIL"	"HNDCVL"	"190"	"190"	"19"	"-10"	"2"
"1982"	"IND"	""	"190"	"190"	"19"	"-10"	"2"
"1982"	"ISR"	"SYR"	"190"	"190"	"19"	"-10"	"3"
"1982"	"LBN"	"PSEREB"	"190"	"190"	"19"	"-10"	"2"
"1982"	"MIL"	"CVL"	"190"	"190"	"19"	"-10"	"1"
"1982"	"MIL"	"LBN"	"190"	"190"	"19"	"-10"	"1"
"1982"	"NGOHRI"	""	"190"	"190"	"19"	"-10"	"1"
"1982"	"NIC"	"NICOPP"	"190"	"190"	"19"	"-10"	"1"
"1982"	"NICGOV"	"NICOPP"	"190"	"190"	"19"	"-10"	"2"
"1982"	"VNM"	"CVL"	"190"	"190"	"19"	"-10"	"1"
"1982"	"MIL"	""	"191"	"191"	"19"	"-9.5"	"1"
"1982"	"AFRMIL"	"AGO"	"192"	"192"	"19"	"-9.5"	"1"
"1982"	"GOVMED"	"PSEREB"	"192"	"192"	"19"	"-9.5"	"1"
"1982"	"JOR"	"ISR"	"192"	"192"	"19"	"-9.5"	"4"
"1982"	"MIL"	"AFRMIL"	"192"	"192"	"19"	"-9.5"	"1"
"1982"	"MIL"	"ZAFMIL"	"192"	"192"	"19"	"-9.5"	"1"
"1982"	"USA"	"DEU"	"192"	"192"	"19"	"-9.5"	"1"
"1982"	"USA"	"GMW"	"192"	"192"	"19"	"-9.5"	"1"
"1982"	"USAMIL"	"GMW"	"192"	"192"	"19"	"-9.5"	"1"
"1982"	"ZAF"	"AFRMIL"	"192"	"192"	"19"	"-9.5"	"1"
"1982"	"ZAFMIL"	"AGO"	"192"	"192"	"19"	"-9.5"	"1"
"1982"	"CVL"	""	"192"	"192"	"19"	"-9.5"	"1"
"1982"	"GOVMIL"	"HND"	"192"	"192"	"19"	"-9.5"	"1"
"1982"	"NIC"	"HND"	"192"	"192"	"19"	"-9.5"	"1"
"1982"	"OPP"	"ERI"	"192"	"192"	"19"	"-9.5"	"2"
"1982"	""	"COP"	"193"	"193"	"19"	"-10"	"2"
"1982"	"AGR"	"LAB"	"193"	"193"	"19"	"-10"	"1"
"1982"	"COP"	""	"193"	"193"	"19"	"-10"	"5"
"1982"	"COP"	"GOV"	"193"	"193"	"19"	"-10"	"1"
"1982"	"COP"	"IND"	"193"	"193"	"19"	"-10"	"2"
"1982"	"COP"	"MED"	"193"	"193"	"19"	"-10"	"1"
"1982"	"DMACOP"	"GOV"	"193"	"193"	"19"	"-10"	"1"
"1982"	"GBR"	"GHAMIL"	"193"	"193"	"19"	"-10"	"1"
"1982"	"GBR"	"IRL"	"193"	"193"	"19"	"-10"	"2"
"1982"	"GBR"	"MMR"	"193"	"193"	"19"	"-10"	"1"
"1982"	"GOV"	"COP"	"193"	"193"	"19"	"-10"	"1"
"1982"	"GOV"	"DMA"	"193"	"193"	"19"	"-10"	"1"
"1982"	"GOV"	"DMACOP"	"193"	"193"	"19"	"-10"	"1"
"1982"	"ITA"	""	"193"	"193"	"19"	"-10"	"1"
"1982"	"MOS"	"CHRRAD"	"193"	"193"	"19"	"-10"	"1"
"1982"	"MOS"	"EGY"	"193"	"193"	"19"	"-10"	"1"
"1982"	"POL"	"POLLAB"	"193"	"193"	"19"	"-10"	"1"
"1982"	"REB"	"POL"	"193"	"193"	"19"	"-10"	"1"
"1982"	"SLV"	"POL"	"193"	"193"	"19"	"-10"	"2"
"1982"	"USA"	"COP"	"193"	"193"	"19"	"-10"	"1"
"1982"	"EGY"	"MOSRAD"	"193"	"193"	"19"	"-10"	"1"
"1982"	"GOV"	"MOSRAD"	"193"	"193"	"19"	"-10"	"1"
"1982"	"ISR"	"LBN"	"193"	"193"	"19"	"-10"	"1"
"1982"	"LBN"	"IRQ"	"193"	"193"	"19"	"-10"	"5"
"1982"	"LBN"	"ISR"	"193"	"193"	"19"	"-10"	"1"
"1982"	"LBNBUS"	"IRQ"	"193"	"193"	"19"	"-10"	"3"
"1982"	"MIL"	"VNM"	"193"	"193"	"19"	"-10"	"1"
"1982"	"NIC"	""	"193"	"193"	"19"	"-10"	"1"
"1982"	"COP"	"GBR"	"193"	"193"	"19"	"-10"	"2"
"1982"	"COP"	"GBRMIL"	"193"	"193"	"19"	"-10"	"1"
"1982"	"COP"	"UAF"	"193"	"193"	"19"	"-10"	"1"
"1982"	"IRQ"	"LBY"	"193"	"193"	"19"	"-10"	"1"
"1982"	"CVL"	""	"194"	"194"	"19"	"-10"	"1"
"1982"	"CVL"	"COPMED"	"194"	"194"	"19"	"-10"	"1"
"1982"	"GTM"	""	"194"	"194"	"19"	"-10"	"1"
"1982"	"MED"	""	"194"	"194"	"19"	"-10"	"1"
"1982"	"SLV"	""	"194"	"194"	"19"	"-10"	"1"
"1982"	"SLV"	"GTM"	"194"	"194"	"19"	"-10"	"1"
"1982"	""	"VNM"	"194"	"194"	"19"	"-10"	"1"
"1982"	""	"IRQGOV"	"194"	"194"	"19"	"-10"	"1"
"1982"	"AFR"	"CUB"	"195"	"195"	"19"	"-10"	"1"
"1982"	"CVL"	"NGOHRI"	"202"	"202"	"20"	"-10"	"1"
"1982"	"CVL"	"SLVMIL"	"202"	"202"	"20"	"-10"	"2"
"1982"	"SLVCVL"	"NGOHRI"	"202"	"202"	"20"	"-10"	"1"
"1982"	"SLVCVL"	"SLVMIL"	"202"	"202"	"20"	"-10"	"2"
"1982"	"USA"	"MIL"	"202"	"202"	"20"	"-10"	"1"
"1982"	"IRN"	"IRNREB"	"202"	"202"	"20"	"-10"	"2"
